eval_id,layer_id,metric,value,n_words,scorer_version
B/parakeet-tdt-0.6b-v3@dial.test.v1,dial.standard.v2,wer_dialect,71.667,44486,score.py 1.3 (2026-10-04)
B/parakeet-tdt-0.6b-v3@dial.test.v1,dial.standard.v2,wer_standard,69.094,44526,score.py 1.3 (2026-10-04)
B/parakeet-tdt-0.6b-v3@dial.test.v1,dial.standard.v2,wer_either,68.152,44486,score.py 1.3 (2026-10-04)
B/parakeet-tdt-0.6b-v3@dial.test.v1,dial.standard.v2,cer_dialect,37.582,44486,score.py 1.3 (2026-10-04)
B/parakeet-tdt-0.6b-v3@dial.test.v1,dial.standard.v2,wer_mean_over_speakers,72.363,44486,score.py 1.3 (2026-10-04)
B/parakeet-tdt-0.6b-v3@dial.test.v1,dial.standard.v2,wer_region_A,68.919,44486,score.py 1.3 (2026-10-04)
B/parakeet-tdt-0.6b-v3@dial.test.v1,dial.standard.v2,wer_region_D,71.877,44486,score.py 1.3 (2026-10-04)
B/parakeet-tdt-0.6b-v3@dial.test.v1,dial.standard.v2,wer_region_S,67.14,44486,score.py 1.3 (2026-10-04)
B/parakeet-tdt-0.6b-v3@dial.test.v1,dial.standard.v2,wer_region_Z,78.188,44486,score.py 1.3 (2026-10-04)
B/parakeet-tdt-0.6b-v3@dial.test.v1,dial.standard.v2,either_err_tag_ending,82.045,44486,score.py 1.3 (2026-10-04)
B/parakeet-tdt-0.6b-v3@dial.test.v1,dial.standard.v2,either_err_tag_kept,96.162,44486,score.py 1.3 (2026-10-04)
B/parakeet-tdt-0.6b-v3@dial.test.v1,dial.standard.v2,either_err_tag_nasal,77.5,44486,score.py 1.3 (2026-10-04)
B/parakeet-tdt-0.6b-v3@dial.test.v1,dial.standard.v2,either_err_tag_pron,85.673,44486,score.py 1.3 (2026-10-04)
B/parakeet-tdt-0.6b-v3@dial.test.v1,dial.standard.v2,either_err_tag_same,63.332,44486,score.py 1.3 (2026-10-04)
B/parakeet-tdt-0.6b-v3@dial.test.v1,dial.standard.v2,missing_hyps,0,44486,score.py 1.3 (2026-10-04)
B/parakeet-tdt-0.6b-v3@dial.seen.v1,dial.standard.v2,wer_dialect,73.463,9123,score.py 1.3 (2026-10-04)
B/parakeet-tdt-0.6b-v3@dial.seen.v1,dial.standard.v2,wer_standard,69.923,9130,score.py 1.3 (2026-10-04)
B/parakeet-tdt-0.6b-v3@dial.seen.v1,dial.standard.v2,wer_either,69.1,9123,score.py 1.3 (2026-10-04)
B/parakeet-tdt-0.6b-v3@dial.seen.v1,dial.standard.v2,cer_dialect,38.845,9123,score.py 1.3 (2026-10-04)
B/parakeet-tdt-0.6b-v3@dial.seen.v1,dial.standard.v2,wer_mean_over_speakers,74.105,9123,score.py 1.3 (2026-10-04)
B/parakeet-tdt-0.6b-v3@dial.seen.v1,dial.standard.v2,wer_region_A,87.615,9123,score.py 1.3 (2026-10-04)
B/parakeet-tdt-0.6b-v3@dial.seen.v1,dial.standard.v2,wer_region_D,70.507,9123,score.py 1.3 (2026-10-04)
B/parakeet-tdt-0.6b-v3@dial.seen.v1,dial.standard.v2,wer_region_S,64.848,9123,score.py 1.3 (2026-10-04)
B/parakeet-tdt-0.6b-v3@dial.seen.v1,dial.standard.v2,wer_region_Z,69.86,9123,score.py 1.3 (2026-10-04)
B/parakeet-tdt-0.6b-v3@dial.seen.v1,dial.standard.v2,either_err_tag_ending,83.62,9123,score.py 1.3 (2026-10-04)
B/parakeet-tdt-0.6b-v3@dial.seen.v1,dial.standard.v2,either_err_tag_kept,108.462,9123,score.py 1.3 (2026-10-04)
B/parakeet-tdt-0.6b-v3@dial.seen.v1,dial.standard.v2,either_err_tag_nasal,69.202,9123,score.py 1.3 (2026-10-04)
B/parakeet-tdt-0.6b-v3@dial.seen.v1,dial.standard.v2,either_err_tag_pron,87.644,9123,score.py 1.3 (2026-10-04)
B/parakeet-tdt-0.6b-v3@dial.seen.v1,dial.standard.v2,either_err_tag_same,63.616,9123,score.py 1.3 (2026-10-04)
B/parakeet-tdt-0.6b-v3@dial.seen.v1,dial.standard.v2,missing_hyps,0,9123,score.py 1.3 (2026-10-04)
B/parakeet-tdt-0.6b-v3@phone.test.v1,phone.spoken.v1,wer_dialect,42.527,37299,score.py 1.3 (2026-10-04)
B/parakeet-tdt-0.6b-v3@phone.test.v1,phone.spoken.v1,wer_standard,42.527,37299,score.py 1.3 (2026-10-04)
B/parakeet-tdt-0.6b-v3@phone.test.v1,phone.spoken.v1,wer_either,42.527,37299,score.py 1.3 (2026-10-04)
B/parakeet-tdt-0.6b-v3@phone.test.v1,phone.spoken.v1,cer_dialect,20.077,37299,score.py 1.3 (2026-10-04)
B/parakeet-tdt-0.6b-v3@phone.test.v1,phone.spoken.v1,missing_hyps,0,37299,score.py 1.3 (2026-10-04)
ltd26/S/s1/a2@dial.test.v1,dial.standard.v2,wer_dialect,42.11,44486,score.py 1.3 (2026-10-04)
ltd26/S/s1/a2@dial.test.v1,dial.standard.v2,wer_standard,36.397,44526,score.py 1.3 (2026-10-04)
ltd26/S/s1/a2@dial.test.v1,dial.standard.v2,wer_either,34.833,44486,score.py 1.3 (2026-10-04)
ltd26/S/s1/a2@dial.test.v1,dial.standard.v2,cer_dialect,13.789,44486,score.py 1.3 (2026-10-04)
ltd26/S/s1/a2@dial.test.v1,dial.standard.v2,wer_mean_over_speakers,42.202,44486,score.py 1.3 (2026-10-04)
ltd26/S/s1/a2@dial.test.v1,dial.standard.v2,wer_region_A,44.976,44486,score.py 1.3 (2026-10-04)
ltd26/S/s1/a2@dial.test.v1,dial.standard.v2,wer_region_D,45.173,44486,score.py 1.3 (2026-10-04)
ltd26/S/s1/a2@dial.test.v1,dial.standard.v2,wer_region_S,31.382,44486,score.py 1.3 (2026-10-04)
ltd26/S/s1/a2@dial.test.v1,dial.standard.v2,wer_region_Z,45.766,44486,score.py 1.3 (2026-10-04)
ltd26/S/s1/a2@dial.test.v1,dial.standard.v2,either_err_tag_ending,57.785,44486,score.py 1.3 (2026-10-04)
ltd26/S/s1/a2@dial.test.v1,dial.standard.v2,either_err_tag_kept,76.061,44486,score.py 1.3 (2026-10-04)
ltd26/S/s1/a2@dial.test.v1,dial.standard.v2,either_err_tag_nasal,37.7,44486,score.py 1.3 (2026-10-04)
ltd26/S/s1/a2@dial.test.v1,dial.standard.v2,either_err_tag_pron,64.316,44486,score.py 1.3 (2026-10-04)
ltd26/S/s1/a2@dial.test.v1,dial.standard.v2,either_err_tag_same,27.312,44486,score.py 1.3 (2026-10-04)
ltd26/S/s1/a2@dial.test.v1,dial.standard.v2,missing_hyps,0,44486,score.py 1.3 (2026-10-04)
ltd26/S/s1/a2@dial.seen.v1,dial.standard.v2,wer_dialect,45.062,9123,score.py 1.3 (2026-10-04)
ltd26/S/s1/a2@dial.seen.v1,dial.standard.v2,wer_standard,37.185,9130,score.py 1.3 (2026-10-04)
ltd26/S/s1/a2@dial.seen.v1,dial.standard.v2,wer_either,35.92,9123,score.py 1.3 (2026-10-04)
ltd26/S/s1/a2@dial.seen.v1,dial.standard.v2,cer_dialect,15.275,9123,score.py 1.3 (2026-10-04)
ltd26/S/s1/a2@dial.seen.v1,dial.standard.v2,wer_mean_over_speakers,45.727,9123,score.py 1.3 (2026-10-04)
ltd26/S/s1/a2@dial.seen.v1,dial.standard.v2,wer_region_A,59.614,9123,score.py 1.3 (2026-10-04)
ltd26/S/s1/a2@dial.seen.v1,dial.standard.v2,wer_region_D,34.97,9123,score.py 1.3 (2026-10-04)
ltd26/S/s1/a2@dial.seen.v1,dial.standard.v2,wer_region_S,37.835,9123,score.py 1.3 (2026-10-04)
ltd26/S/s1/a2@dial.seen.v1,dial.standard.v2,wer_region_Z,48.002,9123,score.py 1.3 (2026-10-04)
ltd26/S/s1/a2@dial.seen.v1,dial.standard.v2,either_err_tag_ending,60.263,9123,score.py 1.3 (2026-10-04)
ltd26/S/s1/a2@dial.seen.v1,dial.standard.v2,either_err_tag_kept,85.385,9123,score.py 1.3 (2026-10-04)
ltd26/S/s1/a2@dial.seen.v1,dial.standard.v2,either_err_tag_nasal,33.46,9123,score.py 1.3 (2026-10-04)
ltd26/S/s1/a2@dial.seen.v1,dial.standard.v2,either_err_tag_pron,65.864,9123,score.py 1.3 (2026-10-04)
ltd26/S/s1/a2@dial.seen.v1,dial.standard.v2,either_err_tag_same,27.306,9123,score.py 1.3 (2026-10-04)
ltd26/S/s1/a2@dial.seen.v1,dial.standard.v2,missing_hyps,0,9123,score.py 1.3 (2026-10-04)
ltd26/S/s1/a2@phone.test.v1,phone.spoken.v1,wer_dialect,10.759,37299,score.py 1.3 (2026-10-04)
ltd26/S/s1/a2@phone.test.v1,phone.spoken.v1,wer_standard,10.759,37299,score.py 1.3 (2026-10-04)
ltd26/S/s1/a2@phone.test.v1,phone.spoken.v1,wer_either,10.759,37299,score.py 1.3 (2026-10-04)
ltd26/S/s1/a2@phone.test.v1,phone.spoken.v1,cer_dialect,3.072,37299,score.py 1.3 (2026-10-04)
ltd26/S/s1/a2@phone.test.v1,phone.spoken.v1,missing_hyps,0,37299,score.py 1.3 (2026-10-04)
ltd26/S/s1/a2@fleurs.lt.test.v1,fleurs.lt.test.v1,wer_dialect,28.624,17136,score.py 1.3 (2026-10-04)
ltd26/S/s1/a2@fleurs.lt.test.v1,fleurs.lt.test.v1,wer_standard,28.624,17136,score.py 1.3 (2026-10-04)
ltd26/S/s1/a2@fleurs.lt.test.v1,fleurs.lt.test.v1,wer_either,28.624,17136,score.py 1.3 (2026-10-04)
ltd26/S/s1/a2@fleurs.lt.test.v1,fleurs.lt.test.v1,cer_dialect,12.643,17136,score.py 1.3 (2026-10-04)
ltd26/S/s1/a2@fleurs.lt.test.v1,fleurs.lt.test.v1,missing_hyps,0,17136,score.py 1.3 (2026-10-04)
ltd26/S/s1/a2@cv.lt.test.v1,cv.lt.test.v1,wer_dialect,35.201,33104,score.py 1.3 (2026-10-04)
ltd26/S/s1/a2@cv.lt.test.v1,cv.lt.test.v1,wer_standard,35.201,33104,score.py 1.3 (2026-10-04)
ltd26/S/s1/a2@cv.lt.test.v1,cv.lt.test.v1,wer_either,35.201,33104,score.py 1.3 (2026-10-04)
ltd26/S/s1/a2@cv.lt.test.v1,cv.lt.test.v1,cer_dialect,12.967,33104,score.py 1.3 (2026-10-04)
ltd26/S/s1/a2@cv.lt.test.v1,cv.lt.test.v1,wer_mean_over_speakers,35.437,33104,score.py 1.3 (2026-10-04)
ltd26/S/s1/a2@cv.lt.test.v1,cv.lt.test.v1,missing_hyps,0,33104,score.py 1.3 (2026-10-04)
ltd26/S+D12.dial/s1/a1@dial.test.v1,dial.standard.v2,wer_dialect,38.079,44486,score.py 1.3 (2026-10-04)
ltd26/S+D12.dial/s1/a1@dial.test.v1,dial.standard.v2,wer_standard,38.881,44526,score.py 1.3 (2026-10-04)
ltd26/S+D12.dial/s1/a1@dial.test.v1,dial.standard.v2,wer_either,33.296,44486,score.py 1.3 (2026-10-04)
ltd26/S+D12.dial/s1/a1@dial.test.v1,dial.standard.v2,cer_dialect,11.696,44486,score.py 1.3 (2026-10-04)
ltd26/S+D12.dial/s1/a1@dial.test.v1,dial.standard.v2,wer_mean_over_speakers,38.235,44486,score.py 1.3 (2026-10-04)
ltd26/S+D12.dial/s1/a1@dial.test.v1,dial.standard.v2,wer_region_A,38.281,44486,score.py 1.3 (2026-10-04)
ltd26/S+D12.dial/s1/a1@dial.test.v1,dial.standard.v2,wer_region_D,39.31,44486,score.py 1.3 (2026-10-04)
ltd26/S+D12.dial/s1/a1@dial.test.v1,dial.standard.v2,wer_region_S,31.225,44486,score.py 1.3 (2026-10-04)
ltd26/S+D12.dial/s1/a1@dial.test.v1,dial.standard.v2,wer_region_Z,42.745,44486,score.py 1.3 (2026-10-04)
ltd26/S+D12.dial/s1/a1@dial.test.v1,dial.standard.v2,either_err_tag_ending,50.959,44486,score.py 1.3 (2026-10-04)
ltd26/S+D12.dial/s1/a1@dial.test.v1,dial.standard.v2,either_err_tag_kept,72.727,44486,score.py 1.3 (2026-10-04)
ltd26/S+D12.dial/s1/a1@dial.test.v1,dial.standard.v2,either_err_tag_nasal,40.2,44486,score.py 1.3 (2026-10-04)
ltd26/S+D12.dial/s1/a1@dial.test.v1,dial.standard.v2,either_err_tag_pron,55.131,44486,score.py 1.3 (2026-10-04)
ltd26/S+D12.dial/s1/a1@dial.test.v1,dial.standard.v2,either_err_tag_same,27.26,44486,score.py 1.3 (2026-10-04)
ltd26/S+D12.dial/s1/a1@dial.test.v1,dial.standard.v2,missing_hyps,0,44486,score.py 1.3 (2026-10-04)
ltd26/S+D12.dial/s1/a1@dial.seen.v1,dial.standard.v2,wer_dialect,40.984,9123,score.py 1.3 (2026-10-04)
ltd26/S+D12.dial/s1/a1@dial.seen.v1,dial.standard.v2,wer_standard,39.737,9130,score.py 1.3 (2026-10-04)
ltd26/S+D12.dial/s1/a1@dial.seen.v1,dial.standard.v2,wer_either,34.791,9123,score.py 1.3 (2026-10-04)
ltd26/S+D12.dial/s1/a1@dial.seen.v1,dial.standard.v2,cer_dialect,12.906,9123,score.py 1.3 (2026-10-04)
ltd26/S+D12.dial/s1/a1@dial.seen.v1,dial.standard.v2,wer_mean_over_speakers,41.603,9123,score.py 1.3 (2026-10-04)
ltd26/S+D12.dial/s1/a1@dial.seen.v1,dial.standard.v2,wer_region_A,53.988,9123,score.py 1.3 (2026-10-04)
ltd26/S+D12.dial/s1/a1@dial.seen.v1,dial.standard.v2,wer_region_D,30.872,9123,score.py 1.3 (2026-10-04)
ltd26/S+D12.dial/s1/a1@dial.seen.v1,dial.standard.v2,wer_region_S,35.562,9123,score.py 1.3 (2026-10-04)
ltd26/S+D12.dial/s1/a1@dial.seen.v1,dial.standard.v2,wer_region_Z,43.813,9123,score.py 1.3 (2026-10-04)
ltd26/S+D12.dial/s1/a1@dial.seen.v1,dial.standard.v2,either_err_tag_ending,51.972,9123,score.py 1.3 (2026-10-04)
ltd26/S+D12.dial/s1/a1@dial.seen.v1,dial.standard.v2,either_err_tag_kept,82.308,9123,score.py 1.3 (2026-10-04)
ltd26/S+D12.dial/s1/a1@dial.seen.v1,dial.standard.v2,either_err_tag_nasal,38.023,9123,score.py 1.3 (2026-10-04)
ltd26/S+D12.dial/s1/a1@dial.seen.v1,dial.standard.v2,either_err_tag_pron,66.073,9123,score.py 1.3 (2026-10-04)
ltd26/S+D12.dial/s1/a1@dial.seen.v1,dial.standard.v2,either_err_tag_same,26.849,9123,score.py 1.3 (2026-10-04)
ltd26/S+D12.dial/s1/a1@dial.seen.v1,dial.standard.v2,missing_hyps,0,9123,score.py 1.3 (2026-10-04)
ltd26/S+D12.dial/s1/a1@phone.test.v1,phone.spoken.v1,wer_dialect,10.612,37299,score.py 1.3 (2026-10-04)
ltd26/S+D12.dial/s1/a1@phone.test.v1,phone.spoken.v1,wer_standard,10.612,37299,score.py 1.3 (2026-10-04)
ltd26/S+D12.dial/s1/a1@phone.test.v1,phone.spoken.v1,wer_either,10.612,37299,score.py 1.3 (2026-10-04)
ltd26/S+D12.dial/s1/a1@phone.test.v1,phone.spoken.v1,cer_dialect,2.965,37299,score.py 1.3 (2026-10-04)
ltd26/S+D12.dial/s1/a1@phone.test.v1,phone.spoken.v1,missing_hyps,0,37299,score.py 1.3 (2026-10-04)
ltd26/S+D12.dial/s1/a1@fleurs.lt.test.v1,fleurs.lt.test.v1,wer_dialect,24.317,17136,score.py 1.3 (2026-10-04)
ltd26/S+D12.dial/s1/a1@fleurs.lt.test.v1,fleurs.lt.test.v1,wer_standard,24.317,17136,score.py 1.3 (2026-10-04)
ltd26/S+D12.dial/s1/a1@fleurs.lt.test.v1,fleurs.lt.test.v1,wer_either,24.317,17136,score.py 1.3 (2026-10-04)
ltd26/S+D12.dial/s1/a1@fleurs.lt.test.v1,fleurs.lt.test.v1,cer_dialect,10.074,17136,score.py 1.3 (2026-10-04)
ltd26/S+D12.dial/s1/a1@fleurs.lt.test.v1,fleurs.lt.test.v1,missing_hyps,0,17136,score.py 1.3 (2026-10-04)
ltd26/S+D12.dial/s1/a1@cv.lt.test.v1,cv.lt.test.v1,wer_dialect,30.353,33104,score.py 1.3 (2026-10-04)
ltd26/S+D12.dial/s1/a1@cv.lt.test.v1,cv.lt.test.v1,wer_standard,30.353,33104,score.py 1.3 (2026-10-04)
ltd26/S+D12.dial/s1/a1@cv.lt.test.v1,cv.lt.test.v1,wer_either,30.353,33104,score.py 1.3 (2026-10-04)
ltd26/S+D12.dial/s1/a1@cv.lt.test.v1,cv.lt.test.v1,cer_dialect,9.994,33104,score.py 1.3 (2026-10-04)
ltd26/S+D12.dial/s1/a1@cv.lt.test.v1,cv.lt.test.v1,wer_mean_over_speakers,31.121,33104,score.py 1.3 (2026-10-04)
ltd26/S+D12.dial/s1/a1@cv.lt.test.v1,cv.lt.test.v1,missing_hyps,0,33104,score.py 1.3 (2026-10-04)
ltd26/S+D25.dial/s1/a1@dial.test.v1,dial.standard.v2,wer_dialect,34.773,44486,score.py 1.3 (2026-10-04)
ltd26/S+D25.dial/s1/a1@dial.test.v1,dial.standard.v2,wer_standard,37.293,44526,score.py 1.3 (2026-10-04)
ltd26/S+D25.dial/s1/a1@dial.test.v1,dial.standard.v2,wer_either,30.288,44486,score.py 1.3 (2026-10-04)
ltd26/S+D25.dial/s1/a1@dial.test.v1,dial.standard.v2,cer_dialect,10.326,44486,score.py 1.3 (2026-10-04)
ltd26/S+D25.dial/s1/a1@dial.test.v1,dial.standard.v2,wer_mean_over_speakers,34.901,44486,score.py 1.3 (2026-10-04)
ltd26/S+D25.dial/s1/a1@dial.test.v1,dial.standard.v2,wer_region_A,33.858,44486,score.py 1.3 (2026-10-04)
ltd26/S+D25.dial/s1/a1@dial.test.v1,dial.standard.v2,wer_region_D,35.259,44486,score.py 1.3 (2026-10-04)
ltd26/S+D25.dial/s1/a1@dial.test.v1,dial.standard.v2,wer_region_S,28.855,44486,score.py 1.3 (2026-10-04)
ltd26/S+D25.dial/s1/a1@dial.test.v1,dial.standard.v2,wer_region_Z,40.447,44486,score.py 1.3 (2026-10-04)
ltd26/S+D25.dial/s1/a1@dial.test.v1,dial.standard.v2,either_err_tag_ending,43.668,44486,score.py 1.3 (2026-10-04)
ltd26/S+D25.dial/s1/a1@dial.test.v1,dial.standard.v2,either_err_tag_kept,67.071,44486,score.py 1.3 (2026-10-04)
ltd26/S+D25.dial/s1/a1@dial.test.v1,dial.standard.v2,either_err_tag_nasal,36.8,44486,score.py 1.3 (2026-10-04)
ltd26/S+D25.dial/s1/a1@dial.test.v1,dial.standard.v2,either_err_tag_pron,50.55,44486,score.py 1.3 (2026-10-04)
ltd26/S+D25.dial/s1/a1@dial.test.v1,dial.standard.v2,either_err_tag_same,24.998,44486,score.py 1.3 (2026-10-04)
ltd26/S+D25.dial/s1/a1@dial.test.v1,dial.standard.v2,missing_hyps,0,44486,score.py 1.3 (2026-10-04)
ltd26/S+D25.dial/s1/a1@dial.seen.v1,dial.standard.v2,wer_dialect,38.2,9123,score.py 1.3 (2026-10-04)
ltd26/S+D25.dial/s1/a1@dial.seen.v1,dial.standard.v2,wer_standard,38.729,9130,score.py 1.3 (2026-10-04)
ltd26/S+D25.dial/s1/a1@dial.seen.v1,dial.standard.v2,wer_either,32.588,9123,score.py 1.3 (2026-10-04)
ltd26/S+D25.dial/s1/a1@dial.seen.v1,dial.standard.v2,cer_dialect,11.72,9123,score.py 1.3 (2026-10-04)
ltd26/S+D25.dial/s1/a1@dial.seen.v1,dial.standard.v2,wer_mean_over_speakers,38.653,9123,score.py 1.3 (2026-10-04)
ltd26/S+D25.dial/s1/a1@dial.seen.v1,dial.standard.v2,wer_region_A,51.385,9123,score.py 1.3 (2026-10-04)
ltd26/S+D25.dial/s1/a1@dial.seen.v1,dial.standard.v2,wer_region_D,28.398,9123,score.py 1.3 (2026-10-04)
ltd26/S+D25.dial/s1/a1@dial.seen.v1,dial.standard.v2,wer_region_S,31.696,9123,score.py 1.3 (2026-10-04)
ltd26/S+D25.dial/s1/a1@dial.seen.v1,dial.standard.v2,wer_region_Z,41.598,9123,score.py 1.3 (2026-10-04)
ltd26/S+D25.dial/s1/a1@dial.seen.v1,dial.standard.v2,either_err_tag_ending,48.635,9123,score.py 1.3 (2026-10-04)
ltd26/S+D25.dial/s1/a1@dial.seen.v1,dial.standard.v2,either_err_tag_kept,80.769,9123,score.py 1.3 (2026-10-04)
ltd26/S+D25.dial/s1/a1@dial.seen.v1,dial.standard.v2,either_err_tag_nasal,34.601,9123,score.py 1.3 (2026-10-04)
ltd26/S+D25.dial/s1/a1@dial.seen.v1,dial.standard.v2,either_err_tag_pron,64.503,9123,score.py 1.3 (2026-10-04)
ltd26/S+D25.dial/s1/a1@dial.seen.v1,dial.standard.v2,either_err_tag_same,24.757,9123,score.py 1.3 (2026-10-04)
ltd26/S+D25.dial/s1/a1@dial.seen.v1,dial.standard.v2,missing_hyps,0,9123,score.py 1.3 (2026-10-04)
ltd26/S+D25.dial/s1/a1@phone.test.v1,phone.spoken.v1,wer_dialect,10.612,37299,score.py 1.3 (2026-10-04)
ltd26/S+D25.dial/s1/a1@phone.test.v1,phone.spoken.v1,wer_standard,10.612,37299,score.py 1.3 (2026-10-04)
ltd26/S+D25.dial/s1/a1@phone.test.v1,phone.spoken.v1,wer_either,10.612,37299,score.py 1.3 (2026-10-04)
ltd26/S+D25.dial/s1/a1@phone.test.v1,phone.spoken.v1,cer_dialect,2.937,37299,score.py 1.3 (2026-10-04)
ltd26/S+D25.dial/s1/a1@phone.test.v1,phone.spoken.v1,missing_hyps,0,37299,score.py 1.3 (2026-10-04)
ltd26/S+D25.dial/s1/a1@fleurs.lt.test.v1,fleurs.lt.test.v1,wer_dialect,21.89,17136,score.py 1.3 (2026-10-04)
ltd26/S+D25.dial/s1/a1@fleurs.lt.test.v1,fleurs.lt.test.v1,wer_standard,21.89,17136,score.py 1.3 (2026-10-04)
ltd26/S+D25.dial/s1/a1@fleurs.lt.test.v1,fleurs.lt.test.v1,wer_either,21.89,17136,score.py 1.3 (2026-10-04)
ltd26/S+D25.dial/s1/a1@fleurs.lt.test.v1,fleurs.lt.test.v1,cer_dialect,8.86,17136,score.py 1.3 (2026-10-04)
ltd26/S+D25.dial/s1/a1@fleurs.lt.test.v1,fleurs.lt.test.v1,missing_hyps,0,17136,score.py 1.3 (2026-10-04)
ltd26/S+D25.dial/s1/a1@cv.lt.test.v1,cv.lt.test.v1,wer_dialect,24.242,33104,score.py 1.3 (2026-10-04)
ltd26/S+D25.dial/s1/a1@cv.lt.test.v1,cv.lt.test.v1,wer_standard,24.242,33104,score.py 1.3 (2026-10-04)
ltd26/S+D25.dial/s1/a1@cv.lt.test.v1,cv.lt.test.v1,wer_either,24.242,33104,score.py 1.3 (2026-10-04)
ltd26/S+D25.dial/s1/a1@cv.lt.test.v1,cv.lt.test.v1,cer_dialect,6.389,33104,score.py 1.3 (2026-10-04)
ltd26/S+D25.dial/s1/a1@cv.lt.test.v1,cv.lt.test.v1,wer_mean_over_speakers,25.044,33104,score.py 1.3 (2026-10-04)
ltd26/S+D25.dial/s1/a1@cv.lt.test.v1,cv.lt.test.v1,missing_hyps,0,33104,score.py 1.3 (2026-10-04)
ltd26/S+D50.dial/s1/a1@dial.test.v1,dial.standard.v2,wer_dialect,32.768,44486,score.py 1.3 (2026-10-04)
ltd26/S+D50.dial/s1/a1@dial.test.v1,dial.standard.v2,wer_standard,37.093,44526,score.py 1.3 (2026-10-04)
ltd26/S+D50.dial/s1/a1@dial.test.v1,dial.standard.v2,wer_either,28.96,44486,score.py 1.3 (2026-10-04)
ltd26/S+D50.dial/s1/a1@dial.test.v1,dial.standard.v2,cer_dialect,9.716,44486,score.py 1.3 (2026-10-04)
ltd26/S+D50.dial/s1/a1@dial.test.v1,dial.standard.v2,wer_mean_over_speakers,32.818,44486,score.py 1.3 (2026-10-04)
ltd26/S+D50.dial/s1/a1@dial.test.v1,dial.standard.v2,wer_region_A,31.797,44486,score.py 1.3 (2026-10-04)
ltd26/S+D50.dial/s1/a1@dial.test.v1,dial.standard.v2,wer_region_D,32.471,44486,score.py 1.3 (2026-10-04)
ltd26/S+D50.dial/s1/a1@dial.test.v1,dial.standard.v2,wer_region_S,27.22,44486,score.py 1.3 (2026-10-04)
ltd26/S+D50.dial/s1/a1@dial.test.v1,dial.standard.v2,wer_region_Z,38.95,44486,score.py 1.3 (2026-10-04)
ltd26/S+D50.dial/s1/a1@dial.test.v1,dial.standard.v2,either_err_tag_ending,41.283,44486,score.py 1.3 (2026-10-04)
ltd26/S+D50.dial/s1/a1@dial.test.v1,dial.standard.v2,either_err_tag_kept,65.354,44486,score.py 1.3 (2026-10-04)
ltd26/S+D50.dial/s1/a1@dial.test.v1,dial.standard.v2,either_err_tag_nasal,37.4,44486,score.py 1.3 (2026-10-04)
ltd26/S+D50.dial/s1/a1@dial.test.v1,dial.standard.v2,either_err_tag_pron,47.339,44486,score.py 1.3 (2026-10-04)
ltd26/S+D50.dial/s1/a1@dial.test.v1,dial.standard.v2,either_err_tag_same,23.98,44486,score.py 1.3 (2026-10-04)
ltd26/S+D50.dial/s1/a1@dial.test.v1,dial.standard.v2,missing_hyps,0,44486,score.py 1.3 (2026-10-04)
ltd26/S+D50.dial/s1/a1@dial.seen.v1,dial.standard.v2,wer_dialect,35.811,9123,score.py 1.3 (2026-10-04)
ltd26/S+D50.dial/s1/a1@dial.seen.v1,dial.standard.v2,wer_standard,39.409,9130,score.py 1.3 (2026-10-04)
ltd26/S+D50.dial/s1/a1@dial.seen.v1,dial.standard.v2,wer_either,31.316,9123,score.py 1.3 (2026-10-04)
ltd26/S+D50.dial/s1/a1@dial.seen.v1,dial.standard.v2,cer_dialect,11.012,9123,score.py 1.3 (2026-10-04)
ltd26/S+D50.dial/s1/a1@dial.seen.v1,dial.standard.v2,wer_mean_over_speakers,36.144,9123,score.py 1.3 (2026-10-04)
ltd26/S+D50.dial/s1/a1@dial.seen.v1,dial.standard.v2,wer_region_A,49.37,9123,score.py 1.3 (2026-10-04)
ltd26/S+D50.dial/s1/a1@dial.seen.v1,dial.standard.v2,wer_region_D,26.247,9123,score.py 1.3 (2026-10-04)
ltd26/S+D50.dial/s1/a1@dial.seen.v1,dial.standard.v2,wer_region_S,29.422,9123,score.py 1.3 (2026-10-04)
ltd26/S+D50.dial/s1/a1@dial.seen.v1,dial.standard.v2,wer_region_Z,38.373,9123,score.py 1.3 (2026-10-04)
ltd26/S+D50.dial/s1/a1@dial.seen.v1,dial.standard.v2,either_err_tag_ending,44.995,9123,score.py 1.3 (2026-10-04)
ltd26/S+D50.dial/s1/a1@dial.seen.v1,dial.standard.v2,either_err_tag_kept,76.923,9123,score.py 1.3 (2026-10-04)
ltd26/S+D50.dial/s1/a1@dial.seen.v1,dial.standard.v2,either_err_tag_nasal,36.502,9123,score.py 1.3 (2026-10-04)
ltd26/S+D50.dial/s1/a1@dial.seen.v1,dial.standard.v2,either_err_tag_pron,60.0,9123,score.py 1.3 (2026-10-04)
ltd26/S+D50.dial/s1/a1@dial.seen.v1,dial.standard.v2,either_err_tag_same,24.212,9123,score.py 1.3 (2026-10-04)
ltd26/S+D50.dial/s1/a1@dial.seen.v1,dial.standard.v2,missing_hyps,0,9123,score.py 1.3 (2026-10-04)
ltd26/S+D50.dial/s1/a1@phone.test.v1,phone.spoken.v1,wer_dialect,10.486,37299,score.py 1.3 (2026-10-04)
ltd26/S+D50.dial/s1/a1@phone.test.v1,phone.spoken.v1,wer_standard,10.486,37299,score.py 1.3 (2026-10-04)
ltd26/S+D50.dial/s1/a1@phone.test.v1,phone.spoken.v1,wer_either,10.486,37299,score.py 1.3 (2026-10-04)
ltd26/S+D50.dial/s1/a1@phone.test.v1,phone.spoken.v1,cer_dialect,2.882,37299,score.py 1.3 (2026-10-04)
ltd26/S+D50.dial/s1/a1@phone.test.v1,phone.spoken.v1,missing_hyps,0,37299,score.py 1.3 (2026-10-04)
ltd26/S+D50.dial/s1/a1@fleurs.lt.test.v1,fleurs.lt.test.v1,wer_dialect,23.22,17136,score.py 1.3 (2026-10-04)
ltd26/S+D50.dial/s1/a1@fleurs.lt.test.v1,fleurs.lt.test.v1,wer_standard,23.22,17136,score.py 1.3 (2026-10-04)
ltd26/S+D50.dial/s1/a1@fleurs.lt.test.v1,fleurs.lt.test.v1,wer_either,23.22,17136,score.py 1.3 (2026-10-04)
ltd26/S+D50.dial/s1/a1@fleurs.lt.test.v1,fleurs.lt.test.v1,cer_dialect,9.27,17136,score.py 1.3 (2026-10-04)
ltd26/S+D50.dial/s1/a1@fleurs.lt.test.v1,fleurs.lt.test.v1,missing_hyps,0,17136,score.py 1.3 (2026-10-04)
ltd26/S+D50.dial/s1/a1@cv.lt.test.v1,cv.lt.test.v1,wer_dialect,29.323,33104,score.py 1.3 (2026-10-04)
ltd26/S+D50.dial/s1/a1@cv.lt.test.v1,cv.lt.test.v1,wer_standard,29.323,33104,score.py 1.3 (2026-10-04)
ltd26/S+D50.dial/s1/a1@cv.lt.test.v1,cv.lt.test.v1,wer_either,29.323,33104,score.py 1.3 (2026-10-04)
ltd26/S+D50.dial/s1/a1@cv.lt.test.v1,cv.lt.test.v1,cer_dialect,9.334,33104,score.py 1.3 (2026-10-04)
ltd26/S+D50.dial/s1/a1@cv.lt.test.v1,cv.lt.test.v1,wer_mean_over_speakers,30.208,33104,score.py 1.3 (2026-10-04)
ltd26/S+D50.dial/s1/a1@cv.lt.test.v1,cv.lt.test.v1,missing_hyps,0,33104,score.py 1.3 (2026-10-04)
ltd26/S+D80.dial/s1/a3@dial.test.v1,dial.standard.v2,wer_dialect,31.28,44486,score.py 1.3 (2026-10-04)
ltd26/S+D80.dial/s1/a3@dial.test.v1,dial.standard.v2,wer_standard,36.291,44526,score.py 1.3 (2026-10-04)
ltd26/S+D80.dial/s1/a3@dial.test.v1,dial.standard.v2,wer_either,27.597,44486,score.py 1.3 (2026-10-04)
ltd26/S+D80.dial/s1/a3@dial.test.v1,dial.standard.v2,cer_dialect,9.233,44486,score.py 1.3 (2026-10-04)
ltd26/S+D80.dial/s1/a3@dial.test.v1,dial.standard.v2,wer_mean_over_speakers,31.343,44486,score.py 1.3 (2026-10-04)
ltd26/S+D80.dial/s1/a3@dial.test.v1,dial.standard.v2,wer_region_A,29.418,44486,score.py 1.3 (2026-10-04)
ltd26/S+D80.dial/s1/a3@dial.test.v1,dial.standard.v2,wer_region_D,31.147,44486,score.py 1.3 (2026-10-04)
ltd26/S+D80.dial/s1/a3@dial.test.v1,dial.standard.v2,wer_region_S,26.408,44486,score.py 1.3 (2026-10-04)
ltd26/S+D80.dial/s1/a3@dial.test.v1,dial.standard.v2,wer_region_Z,37.575,44486,score.py 1.3 (2026-10-04)
ltd26/S+D80.dial/s1/a3@dial.test.v1,dial.standard.v2,either_err_tag_ending,39.419,44486,score.py 1.3 (2026-10-04)
ltd26/S+D80.dial/s1/a3@dial.test.v1,dial.standard.v2,either_err_tag_kept,62.121,44486,score.py 1.3 (2026-10-04)
ltd26/S+D80.dial/s1/a3@dial.test.v1,dial.standard.v2,either_err_tag_nasal,37.9,44486,score.py 1.3 (2026-10-04)
ltd26/S+D80.dial/s1/a3@dial.test.v1,dial.standard.v2,either_err_tag_pron,45.138,44486,score.py 1.3 (2026-10-04)
ltd26/S+D80.dial/s1/a3@dial.test.v1,dial.standard.v2,either_err_tag_same,22.779,44486,score.py 1.3 (2026-10-04)
ltd26/S+D80.dial/s1/a3@dial.test.v1,dial.standard.v2,missing_hyps,0,44486,score.py 1.3 (2026-10-04)
ltd26/S+D80.dial/s1/a3@dial.seen.v1,dial.standard.v2,wer_dialect,34.177,9123,score.py 1.3 (2026-10-04)
ltd26/S+D80.dial/s1/a3@dial.seen.v1,dial.standard.v2,wer_standard,39.124,9130,score.py 1.3 (2026-10-04)
ltd26/S+D80.dial/s1/a3@dial.seen.v1,dial.standard.v2,wer_either,30.012,9123,score.py 1.3 (2026-10-04)
ltd26/S+D80.dial/s1/a3@dial.seen.v1,dial.standard.v2,cer_dialect,10.383,9123,score.py 1.3 (2026-10-04)
ltd26/S+D80.dial/s1/a3@dial.seen.v1,dial.standard.v2,wer_mean_over_speakers,34.465,9123,score.py 1.3 (2026-10-04)
ltd26/S+D80.dial/s1/a3@dial.seen.v1,dial.standard.v2,wer_region_A,43.367,9123,score.py 1.3 (2026-10-04)
ltd26/S+D80.dial/s1/a3@dial.seen.v1,dial.standard.v2,wer_region_D,26.978,9123,score.py 1.3 (2026-10-04)
ltd26/S+D80.dial/s1/a3@dial.seen.v1,dial.standard.v2,wer_region_S,28.786,9123,score.py 1.3 (2026-10-04)
ltd26/S+D80.dial/s1/a3@dial.seen.v1,dial.standard.v2,wer_region_Z,37.891,9123,score.py 1.3 (2026-10-04)
ltd26/S+D80.dial/s1/a3@dial.seen.v1,dial.standard.v2,either_err_tag_ending,42.366,9123,score.py 1.3 (2026-10-04)
ltd26/S+D80.dial/s1/a3@dial.seen.v1,dial.standard.v2,either_err_tag_kept,72.308,9123,score.py 1.3 (2026-10-04)
ltd26/S+D80.dial/s1/a3@dial.seen.v1,dial.standard.v2,either_err_tag_nasal,37.262,9123,score.py 1.3 (2026-10-04)
ltd26/S+D80.dial/s1/a3@dial.seen.v1,dial.standard.v2,either_err_tag_pron,56.649,9123,score.py 1.3 (2026-10-04)
ltd26/S+D80.dial/s1/a3@dial.seen.v1,dial.standard.v2,either_err_tag_same,23.372,9123,score.py 1.3 (2026-10-04)
ltd26/S+D80.dial/s1/a3@dial.seen.v1,dial.standard.v2,missing_hyps,0,9123,score.py 1.3 (2026-10-04)
ltd26/S+D80.dial/s1/a3@phone.test.v1,phone.spoken.v1,wer_dialect,10.802,37299,score.py 1.3 (2026-10-04)
ltd26/S+D80.dial/s1/a3@phone.test.v1,phone.spoken.v1,wer_standard,10.802,37299,score.py 1.3 (2026-10-04)
ltd26/S+D80.dial/s1/a3@phone.test.v1,phone.spoken.v1,wer_either,10.802,37299,score.py 1.3 (2026-10-04)
ltd26/S+D80.dial/s1/a3@phone.test.v1,phone.spoken.v1,cer_dialect,2.953,37299,score.py 1.3 (2026-10-04)
ltd26/S+D80.dial/s1/a3@phone.test.v1,phone.spoken.v1,missing_hyps,0,37299,score.py 1.3 (2026-10-04)
ltd26/S+D80.dial/s1/a3@fleurs.lt.test.v1,fleurs.lt.test.v1,wer_dialect,23.243,17136,score.py 1.3 (2026-10-04)
ltd26/S+D80.dial/s1/a3@fleurs.lt.test.v1,fleurs.lt.test.v1,wer_standard,23.243,17136,score.py 1.3 (2026-10-04)
ltd26/S+D80.dial/s1/a3@fleurs.lt.test.v1,fleurs.lt.test.v1,wer_either,23.243,17136,score.py 1.3 (2026-10-04)
ltd26/S+D80.dial/s1/a3@fleurs.lt.test.v1,fleurs.lt.test.v1,cer_dialect,9.922,17136,score.py 1.3 (2026-10-04)
ltd26/S+D80.dial/s1/a3@fleurs.lt.test.v1,fleurs.lt.test.v1,missing_hyps,0,17136,score.py 1.3 (2026-10-04)
ltd26/S+D80.dial/s1/a3@cv.lt.test.v1,cv.lt.test.v1,wer_dialect,25.773,33104,score.py 1.3 (2026-10-04)
ltd26/S+D80.dial/s1/a3@cv.lt.test.v1,cv.lt.test.v1,wer_standard,25.773,33104,score.py 1.3 (2026-10-04)
ltd26/S+D80.dial/s1/a3@cv.lt.test.v1,cv.lt.test.v1,wer_either,25.773,33104,score.py 1.3 (2026-10-04)
ltd26/S+D80.dial/s1/a3@cv.lt.test.v1,cv.lt.test.v1,cer_dialect,8.225,33104,score.py 1.3 (2026-10-04)
ltd26/S+D80.dial/s1/a3@cv.lt.test.v1,cv.lt.test.v1,wer_mean_over_speakers,26.483,33104,score.py 1.3 (2026-10-04)
ltd26/S+D80.dial/s1/a3@cv.lt.test.v1,cv.lt.test.v1,missing_hyps,0,33104,score.py 1.3 (2026-10-04)
ltd26/S+X80/s1/a2@dial.test.v1,dial.standard.v2,wer_dialect,39.902,44486,score.py 1.3 (2026-10-04)
ltd26/S+X80/s1/a2@dial.test.v1,dial.standard.v2,wer_standard,33.861,44526,score.py 1.3 (2026-10-04)
ltd26/S+X80/s1/a2@dial.test.v1,dial.standard.v2,wer_either,32.179,44486,score.py 1.3 (2026-10-04)
ltd26/S+X80/s1/a2@dial.test.v1,dial.standard.v2,cer_dialect,12.068,44486,score.py 1.3 (2026-10-04)
ltd26/S+X80/s1/a2@dial.test.v1,dial.standard.v2,wer_mean_over_speakers,39.941,44486,score.py 1.3 (2026-10-04)
ltd26/S+X80/s1/a2@dial.test.v1,dial.standard.v2,wer_region_A,42.482,44486,score.py 1.3 (2026-10-04)
ltd26/S+X80/s1/a2@dial.test.v1,dial.standard.v2,wer_region_D,42.368,44486,score.py 1.3 (2026-10-04)
ltd26/S+X80/s1/a2@dial.test.v1,dial.standard.v2,wer_region_S,29.609,44486,score.py 1.3 (2026-10-04)
ltd26/S+X80/s1/a2@dial.test.v1,dial.standard.v2,wer_region_Z,44.051,44486,score.py 1.3 (2026-10-04)
ltd26/S+X80/s1/a2@dial.test.v1,dial.standard.v2,either_err_tag_ending,55.866,44486,score.py 1.3 (2026-10-04)
ltd26/S+X80/s1/a2@dial.test.v1,dial.standard.v2,either_err_tag_kept,72.929,44486,score.py 1.3 (2026-10-04)
ltd26/S+X80/s1/a2@dial.test.v1,dial.standard.v2,either_err_tag_nasal,35.1,44486,score.py 1.3 (2026-10-04)
ltd26/S+X80/s1/a2@dial.test.v1,dial.standard.v2,either_err_tag_pron,61.487,44486,score.py 1.3 (2026-10-04)
ltd26/S+X80/s1/a2@dial.test.v1,dial.standard.v2,either_err_tag_same,24.614,44486,score.py 1.3 (2026-10-04)
ltd26/S+X80/s1/a2@dial.test.v1,dial.standard.v2,missing_hyps,0,44486,score.py 1.3 (2026-10-04)
ltd26/S+X80/s1/a2@dial.seen.v1,dial.standard.v2,wer_dialect,43.144,9123,score.py 1.3 (2026-10-04)
ltd26/S+X80/s1/a2@dial.seen.v1,dial.standard.v2,wer_standard,34.874,9130,score.py 1.3 (2026-10-04)
ltd26/S+X80/s1/a2@dial.seen.v1,dial.standard.v2,wer_either,33.498,9123,score.py 1.3 (2026-10-04)
ltd26/S+X80/s1/a2@dial.seen.v1,dial.standard.v2,cer_dialect,13.846,9123,score.py 1.3 (2026-10-04)
ltd26/S+X80/s1/a2@dial.seen.v1,dial.standard.v2,wer_mean_over_speakers,43.908,9123,score.py 1.3 (2026-10-04)
ltd26/S+X80/s1/a2@dial.seen.v1,dial.standard.v2,wer_region_A,58.27,9123,score.py 1.3 (2026-10-04)
ltd26/S+X80/s1/a2@dial.seen.v1,dial.standard.v2,wer_region_D,33.063,9123,score.py 1.3 (2026-10-04)
ltd26/S+X80/s1/a2@dial.seen.v1,dial.standard.v2,wer_region_S,34.288,9123,score.py 1.3 (2026-10-04)
ltd26/S+X80/s1/a2@dial.seen.v1,dial.standard.v2,wer_region_Z,47.135,9123,score.py 1.3 (2026-10-04)
ltd26/S+X80/s1/a2@dial.seen.v1,dial.standard.v2,either_err_tag_ending,58.342,9123,score.py 1.3 (2026-10-04)
ltd26/S+X80/s1/a2@dial.seen.v1,dial.standard.v2,either_err_tag_kept,84.615,9123,score.py 1.3 (2026-10-04)
ltd26/S+X80/s1/a2@dial.seen.v1,dial.standard.v2,either_err_tag_nasal,31.179,9123,score.py 1.3 (2026-10-04)
ltd26/S+X80/s1/a2@dial.seen.v1,dial.standard.v2,either_err_tag_pron,62.723,9123,score.py 1.3 (2026-10-04)
ltd26/S+X80/s1/a2@dial.seen.v1,dial.standard.v2,either_err_tag_same,24.875,9123,score.py 1.3 (2026-10-04)
ltd26/S+X80/s1/a2@dial.seen.v1,dial.standard.v2,missing_hyps,0,9123,score.py 1.3 (2026-10-04)
ltd26/S+X80/s1/a2@phone.test.v1,phone.spoken.v1,wer_dialect,10.311,37299,score.py 1.3 (2026-10-04)
ltd26/S+X80/s1/a2@phone.test.v1,phone.spoken.v1,wer_standard,10.311,37299,score.py 1.3 (2026-10-04)
ltd26/S+X80/s1/a2@phone.test.v1,phone.spoken.v1,wer_either,10.311,37299,score.py 1.3 (2026-10-04)
ltd26/S+X80/s1/a2@phone.test.v1,phone.spoken.v1,cer_dialect,2.845,37299,score.py 1.3 (2026-10-04)
ltd26/S+X80/s1/a2@phone.test.v1,phone.spoken.v1,missing_hyps,0,37299,score.py 1.3 (2026-10-04)
ltd26/S+X80/s1/a2@fleurs.lt.test.v1,fleurs.lt.test.v1,wer_dialect,24.947,17136,score.py 1.3 (2026-10-04)
ltd26/S+X80/s1/a2@fleurs.lt.test.v1,fleurs.lt.test.v1,wer_standard,24.947,17136,score.py 1.3 (2026-10-04)
ltd26/S+X80/s1/a2@fleurs.lt.test.v1,fleurs.lt.test.v1,wer_either,24.947,17136,score.py 1.3 (2026-10-04)
ltd26/S+X80/s1/a2@fleurs.lt.test.v1,fleurs.lt.test.v1,cer_dialect,11.529,17136,score.py 1.3 (2026-10-04)
ltd26/S+X80/s1/a2@fleurs.lt.test.v1,fleurs.lt.test.v1,missing_hyps,0,17136,score.py 1.3 (2026-10-04)
ltd26/S+X80/s1/a2@cv.lt.test.v1,cv.lt.test.v1,wer_dialect,34.068,33104,score.py 1.3 (2026-10-04)
ltd26/S+X80/s1/a2@cv.lt.test.v1,cv.lt.test.v1,wer_standard,34.068,33104,score.py 1.3 (2026-10-04)
ltd26/S+X80/s1/a2@cv.lt.test.v1,cv.lt.test.v1,wer_either,34.068,33104,score.py 1.3 (2026-10-04)
ltd26/S+X80/s1/a2@cv.lt.test.v1,cv.lt.test.v1,cer_dialect,16.016,33104,score.py 1.3 (2026-10-04)
ltd26/S+X80/s1/a2@cv.lt.test.v1,cv.lt.test.v1,wer_mean_over_speakers,35.324,33104,score.py 1.3 (2026-10-04)
ltd26/S+X80/s1/a2@cv.lt.test.v1,cv.lt.test.v1,missing_hyps,0,33104,score.py 1.3 (2026-10-04)
ltd26/S+D25.std/s1/a1@dial.test.v1,dial.standard.v2,wer_dialect,38.311,44486,score.py 1.3 (2026-10-04)
ltd26/S+D25.std/s1/a1@dial.test.v1,dial.standard.v2,wer_standard,29.138,44526,score.py 1.3 (2026-10-04)
ltd26/S+D25.std/s1/a1@dial.test.v1,dial.standard.v2,wer_either,27.91,44486,score.py 1.3 (2026-10-04)
ltd26/S+D25.std/s1/a1@dial.test.v1,dial.standard.v2,cer_dialect,11.481,44486,score.py 1.3 (2026-10-04)
ltd26/S+D25.std/s1/a1@dial.test.v1,dial.standard.v2,wer_mean_over_speakers,38.301,44486,score.py 1.3 (2026-10-04)
ltd26/S+D25.std/s1/a1@dial.test.v1,dial.standard.v2,wer_region_A,41.182,44486,score.py 1.3 (2026-10-04)
ltd26/S+D25.std/s1/a1@dial.test.v1,dial.standard.v2,wer_region_D,40.242,44486,score.py 1.3 (2026-10-04)
ltd26/S+D25.std/s1/a1@dial.test.v1,dial.standard.v2,wer_region_S,27.661,44486,score.py 1.3 (2026-10-04)
ltd26/S+D25.std/s1/a1@dial.test.v1,dial.standard.v2,wer_region_Z,43.024,44486,score.py 1.3 (2026-10-04)
ltd26/S+D25.std/s1/a1@dial.test.v1,dial.standard.v2,either_err_tag_ending,42.845,44486,score.py 1.3 (2026-10-04)
ltd26/S+D25.std/s1/a1@dial.test.v1,dial.standard.v2,either_err_tag_kept,74.545,44486,score.py 1.3 (2026-10-04)
ltd26/S+D25.std/s1/a1@dial.test.v1,dial.standard.v2,either_err_tag_nasal,33.5,44486,score.py 1.3 (2026-10-04)
ltd26/S+D25.std/s1/a1@dial.test.v1,dial.standard.v2,either_err_tag_pron,50.775,44486,score.py 1.3 (2026-10-04)
ltd26/S+D25.std/s1/a1@dial.test.v1,dial.standard.v2,either_err_tag_same,21.861,44486,score.py 1.3 (2026-10-04)
ltd26/S+D25.std/s1/a1@dial.test.v1,dial.standard.v2,missing_hyps,0,44486,score.py 1.3 (2026-10-04)
ltd26/S+D25.std/s1/a1@dial.seen.v1,dial.standard.v2,wer_dialect,41.719,9123,score.py 1.3 (2026-10-04)
ltd26/S+D25.std/s1/a1@dial.seen.v1,dial.standard.v2,wer_standard,30.756,9130,score.py 1.3 (2026-10-04)
ltd26/S+D25.std/s1/a1@dial.seen.v1,dial.standard.v2,wer_either,29.672,9123,score.py 1.3 (2026-10-04)
ltd26/S+D25.std/s1/a1@dial.seen.v1,dial.standard.v2,cer_dialect,13.132,9123,score.py 1.3 (2026-10-04)
ltd26/S+D25.std/s1/a1@dial.seen.v1,dial.standard.v2,wer_mean_over_speakers,42.348,9123,score.py 1.3 (2026-10-04)
ltd26/S+D25.std/s1/a1@dial.seen.v1,dial.standard.v2,wer_region_A,57.137,9123,score.py 1.3 (2026-10-04)
ltd26/S+D25.std/s1/a1@dial.seen.v1,dial.standard.v2,wer_region_D,31.927,9123,score.py 1.3 (2026-10-04)
ltd26/S+D25.std/s1/a1@dial.seen.v1,dial.standard.v2,wer_region_S,31.833,9123,score.py 1.3 (2026-10-04)
ltd26/S+D25.std/s1/a1@dial.seen.v1,dial.standard.v2,wer_region_Z,46.124,9123,score.py 1.3 (2026-10-04)
ltd26/S+D25.std/s1/a1@dial.seen.v1,dial.standard.v2,either_err_tag_ending,46.006,9123,score.py 1.3 (2026-10-04)
ltd26/S+D25.std/s1/a1@dial.seen.v1,dial.standard.v2,either_err_tag_kept,78.462,9123,score.py 1.3 (2026-10-04)
ltd26/S+D25.std/s1/a1@dial.seen.v1,dial.standard.v2,either_err_tag_nasal,30.798,9123,score.py 1.3 (2026-10-04)
ltd26/S+D25.std/s1/a1@dial.seen.v1,dial.standard.v2,either_err_tag_pron,55.288,9123,score.py 1.3 (2026-10-04)
ltd26/S+D25.std/s1/a1@dial.seen.v1,dial.standard.v2,either_err_tag_same,22.709,9123,score.py 1.3 (2026-10-04)
ltd26/S+D25.std/s1/a1@dial.seen.v1,dial.standard.v2,missing_hyps,0,9123,score.py 1.3 (2026-10-04)
ltd26/S+D25.std/s1/a1@phone.test.v1,phone.spoken.v1,wer_dialect,10.486,37299,score.py 1.3 (2026-10-04)
ltd26/S+D25.std/s1/a1@phone.test.v1,phone.spoken.v1,wer_standard,10.486,37299,score.py 1.3 (2026-10-04)
ltd26/S+D25.std/s1/a1@phone.test.v1,phone.spoken.v1,wer_either,10.486,37299,score.py 1.3 (2026-10-04)
ltd26/S+D25.std/s1/a1@phone.test.v1,phone.spoken.v1,cer_dialect,2.866,37299,score.py 1.3 (2026-10-04)
ltd26/S+D25.std/s1/a1@phone.test.v1,phone.spoken.v1,missing_hyps,0,37299,score.py 1.3 (2026-10-04)
ltd26/S+D25.std/s1/a1@fleurs.lt.test.v1,fleurs.lt.test.v1,wer_dialect,24.218,17136,score.py 1.3 (2026-10-04)
ltd26/S+D25.std/s1/a1@fleurs.lt.test.v1,fleurs.lt.test.v1,wer_standard,24.218,17136,score.py 1.3 (2026-10-04)
ltd26/S+D25.std/s1/a1@fleurs.lt.test.v1,fleurs.lt.test.v1,wer_either,24.218,17136,score.py 1.3 (2026-10-04)
ltd26/S+D25.std/s1/a1@fleurs.lt.test.v1,fleurs.lt.test.v1,cer_dialect,10.3,17136,score.py 1.3 (2026-10-04)
ltd26/S+D25.std/s1/a1@fleurs.lt.test.v1,fleurs.lt.test.v1,missing_hyps,0,17136,score.py 1.3 (2026-10-04)
ltd26/S+D25.std/s1/a1@cv.lt.test.v1,cv.lt.test.v1,wer_dialect,30.501,33104,score.py 1.3 (2026-10-04)
ltd26/S+D25.std/s1/a1@cv.lt.test.v1,cv.lt.test.v1,wer_standard,30.501,33104,score.py 1.3 (2026-10-04)
ltd26/S+D25.std/s1/a1@cv.lt.test.v1,cv.lt.test.v1,wer_either,30.501,33104,score.py 1.3 (2026-10-04)
ltd26/S+D25.std/s1/a1@cv.lt.test.v1,cv.lt.test.v1,cer_dialect,9.923,33104,score.py 1.3 (2026-10-04)
ltd26/S+D25.std/s1/a1@cv.lt.test.v1,cv.lt.test.v1,wer_mean_over_speakers,31.047,33104,score.py 1.3 (2026-10-04)
ltd26/S+D25.std/s1/a1@cv.lt.test.v1,cv.lt.test.v1,missing_hyps,0,33104,score.py 1.3 (2026-10-04)
ltd26/S+D50.std/s1/a1@dial.test.v1,dial.standard.v2,wer_dialect,37.666,44486,score.py 1.3 (2026-10-04)
ltd26/S+D50.std/s1/a1@dial.test.v1,dial.standard.v2,wer_standard,27.469,44526,score.py 1.3 (2026-10-04)
ltd26/S+D50.std/s1/a1@dial.test.v1,dial.standard.v2,wer_either,26.395,44486,score.py 1.3 (2026-10-04)
ltd26/S+D50.std/s1/a1@dial.test.v1,dial.standard.v2,cer_dialect,11.076,44486,score.py 1.3 (2026-10-04)
ltd26/S+D50.std/s1/a1@dial.test.v1,dial.standard.v2,wer_mean_over_speakers,37.624,44486,score.py 1.3 (2026-10-04)
ltd26/S+D50.std/s1/a1@dial.test.v1,dial.standard.v2,wer_region_A,40.863,44486,score.py 1.3 (2026-10-04)
ltd26/S+D50.std/s1/a1@dial.test.v1,dial.standard.v2,wer_region_D,39.249,44486,score.py 1.3 (2026-10-04)
ltd26/S+D50.std/s1/a1@dial.test.v1,dial.standard.v2,wer_region_S,27.015,44486,score.py 1.3 (2026-10-04)
ltd26/S+D50.std/s1/a1@dial.test.v1,dial.standard.v2,wer_region_Z,42.406,44486,score.py 1.3 (2026-10-04)
ltd26/S+D50.std/s1/a1@dial.test.v1,dial.standard.v2,either_err_tag_ending,39.611,44486,score.py 1.3 (2026-10-04)
ltd26/S+D50.std/s1/a1@dial.test.v1,dial.standard.v2,either_err_tag_kept,72.727,44486,score.py 1.3 (2026-10-04)
ltd26/S+D50.std/s1/a1@dial.test.v1,dial.standard.v2,either_err_tag_nasal,32.0,44486,score.py 1.3 (2026-10-04)
ltd26/S+D50.std/s1/a1@dial.test.v1,dial.standard.v2,either_err_tag_pron,46.867,44486,score.py 1.3 (2026-10-04)
ltd26/S+D50.std/s1/a1@dial.test.v1,dial.standard.v2,either_err_tag_same,20.846,44486,score.py 1.3 (2026-10-04)
ltd26/S+D50.std/s1/a1@dial.test.v1,dial.standard.v2,missing_hyps,0,44486,score.py 1.3 (2026-10-04)
ltd26/S+D50.std/s1/a1@dial.seen.v1,dial.standard.v2,wer_dialect,40.93,9123,score.py 1.3 (2026-10-04)
ltd26/S+D50.std/s1/a1@dial.seen.v1,dial.standard.v2,wer_standard,28.959,9130,score.py 1.3 (2026-10-04)
ltd26/S+D50.std/s1/a1@dial.seen.v1,dial.standard.v2,wer_either,27.94,9123,score.py 1.3 (2026-10-04)
ltd26/S+D50.std/s1/a1@dial.seen.v1,dial.standard.v2,cer_dialect,12.736,9123,score.py 1.3 (2026-10-04)
ltd26/S+D50.std/s1/a1@dial.seen.v1,dial.standard.v2,wer_mean_over_speakers,41.462,9123,score.py 1.3 (2026-10-04)
ltd26/S+D50.std/s1/a1@dial.seen.v1,dial.standard.v2,wer_region_A,56.423,9123,score.py 1.3 (2026-10-04)
ltd26/S+D50.std/s1/a1@dial.seen.v1,dial.standard.v2,wer_region_D,30.872,9123,score.py 1.3 (2026-10-04)
ltd26/S+D50.std/s1/a1@dial.seen.v1,dial.standard.v2,wer_region_S,30.377,9123,score.py 1.3 (2026-10-04)
ltd26/S+D50.std/s1/a1@dial.seen.v1,dial.standard.v2,wer_region_Z,46.269,9123,score.py 1.3 (2026-10-04)
ltd26/S+D50.std/s1/a1@dial.seen.v1,dial.standard.v2,either_err_tag_ending,41.86,9123,score.py 1.3 (2026-10-04)
ltd26/S+D50.std/s1/a1@dial.seen.v1,dial.standard.v2,either_err_tag_kept,79.231,9123,score.py 1.3 (2026-10-04)
ltd26/S+D50.std/s1/a1@dial.seen.v1,dial.standard.v2,either_err_tag_nasal,30.798,9123,score.py 1.3 (2026-10-04)
ltd26/S+D50.std/s1/a1@dial.seen.v1,dial.standard.v2,either_err_tag_pron,51.414,9123,score.py 1.3 (2026-10-04)
ltd26/S+D50.std/s1/a1@dial.seen.v1,dial.standard.v2,either_err_tag_same,21.515,9123,score.py 1.3 (2026-10-04)
ltd26/S+D50.std/s1/a1@dial.seen.v1,dial.standard.v2,missing_hyps,0,9123,score.py 1.3 (2026-10-04)
ltd26/S+D50.std/s1/a1@phone.test.v1,phone.spoken.v1,wer_dialect,10.456,37299,score.py 1.3 (2026-10-04)
ltd26/S+D50.std/s1/a1@phone.test.v1,phone.spoken.v1,wer_standard,10.456,37299,score.py 1.3 (2026-10-04)
ltd26/S+D50.std/s1/a1@phone.test.v1,phone.spoken.v1,wer_either,10.456,37299,score.py 1.3 (2026-10-04)
ltd26/S+D50.std/s1/a1@phone.test.v1,phone.spoken.v1,cer_dialect,2.876,37299,score.py 1.3 (2026-10-04)
ltd26/S+D50.std/s1/a1@phone.test.v1,phone.spoken.v1,missing_hyps,0,37299,score.py 1.3 (2026-10-04)
ltd26/S+D50.std/s1/a1@fleurs.lt.test.v1,fleurs.lt.test.v1,wer_dialect,20.349,17136,score.py 1.3 (2026-10-04)
ltd26/S+D50.std/s1/a1@fleurs.lt.test.v1,fleurs.lt.test.v1,wer_standard,20.349,17136,score.py 1.3 (2026-10-04)
ltd26/S+D50.std/s1/a1@fleurs.lt.test.v1,fleurs.lt.test.v1,wer_either,20.349,17136,score.py 1.3 (2026-10-04)
ltd26/S+D50.std/s1/a1@fleurs.lt.test.v1,fleurs.lt.test.v1,cer_dialect,8.301,17136,score.py 1.3 (2026-10-04)
ltd26/S+D50.std/s1/a1@fleurs.lt.test.v1,fleurs.lt.test.v1,missing_hyps,0,17136,score.py 1.3 (2026-10-04)
ltd26/S+D50.std/s1/a1@cv.lt.test.v1,cv.lt.test.v1,wer_dialect,18.989,33104,score.py 1.3 (2026-10-04)
ltd26/S+D50.std/s1/a1@cv.lt.test.v1,cv.lt.test.v1,wer_standard,18.989,33104,score.py 1.3 (2026-10-04)
ltd26/S+D50.std/s1/a1@cv.lt.test.v1,cv.lt.test.v1,wer_either,18.989,33104,score.py 1.3 (2026-10-04)
ltd26/S+D50.std/s1/a1@cv.lt.test.v1,cv.lt.test.v1,cer_dialect,4.742,33104,score.py 1.3 (2026-10-04)
ltd26/S+D50.std/s1/a1@cv.lt.test.v1,cv.lt.test.v1,wer_mean_over_speakers,19.503,33104,score.py 1.3 (2026-10-04)
ltd26/S+D50.std/s1/a1@cv.lt.test.v1,cv.lt.test.v1,missing_hyps,0,33104,score.py 1.3 (2026-10-04)
ltd26/S+D80.std/s1/a1@dial.test.v1,dial.standard.v2,wer_dialect,37.522,44486,score.py 1.3 (2026-10-04)
ltd26/S+D80.std/s1/a1@dial.test.v1,dial.standard.v2,wer_standard,27.061,44526,score.py 1.3 (2026-10-04)
ltd26/S+D80.std/s1/a1@dial.test.v1,dial.standard.v2,wer_either,26.055,44486,score.py 1.3 (2026-10-04)
ltd26/S+D80.std/s1/a1@dial.test.v1,dial.standard.v2,cer_dialect,11.182,44486,score.py 1.3 (2026-10-04)
ltd26/S+D80.std/s1/a1@dial.test.v1,dial.standard.v2,wer_mean_over_speakers,37.57,44486,score.py 1.3 (2026-10-04)
ltd26/S+D80.std/s1/a1@dial.test.v1,dial.standard.v2,wer_region_A,40.819,44486,score.py 1.3 (2026-10-04)
ltd26/S+D80.std/s1/a1@dial.test.v1,dial.standard.v2,wer_region_D,39.432,44486,score.py 1.3 (2026-10-04)
ltd26/S+D80.std/s1/a1@dial.test.v1,dial.standard.v2,wer_region_S,26.975,44486,score.py 1.3 (2026-10-04)
ltd26/S+D80.std/s1/a1@dial.test.v1,dial.standard.v2,wer_region_Z,41.744,44486,score.py 1.3 (2026-10-04)
ltd26/S+D80.std/s1/a1@dial.test.v1,dial.standard.v2,either_err_tag_ending,38.596,44486,score.py 1.3 (2026-10-04)
ltd26/S+D80.std/s1/a1@dial.test.v1,dial.standard.v2,either_err_tag_kept,73.838,44486,score.py 1.3 (2026-10-04)
ltd26/S+D80.std/s1/a1@dial.test.v1,dial.standard.v2,either_err_tag_nasal,32.1,44486,score.py 1.3 (2026-10-04)
ltd26/S+D80.std/s1/a1@dial.test.v1,dial.standard.v2,either_err_tag_pron,45.947,44486,score.py 1.3 (2026-10-04)
ltd26/S+D80.std/s1/a1@dial.test.v1,dial.standard.v2,either_err_tag_same,20.599,44486,score.py 1.3 (2026-10-04)
ltd26/S+D80.std/s1/a1@dial.test.v1,dial.standard.v2,missing_hyps,0,44486,score.py 1.3 (2026-10-04)
ltd26/S+D80.std/s1/a1@dial.seen.v1,dial.standard.v2,wer_dialect,40.655,9123,score.py 1.3 (2026-10-04)
ltd26/S+D80.std/s1/a1@dial.seen.v1,dial.standard.v2,wer_standard,28.28,9130,score.py 1.3 (2026-10-04)
ltd26/S+D80.std/s1/a1@dial.seen.v1,dial.standard.v2,wer_either,27.316,9123,score.py 1.3 (2026-10-04)
ltd26/S+D80.std/s1/a1@dial.seen.v1,dial.standard.v2,cer_dialect,12.543,9123,score.py 1.3 (2026-10-04)
ltd26/S+D80.std/s1/a1@dial.seen.v1,dial.standard.v2,wer_mean_over_speakers,41.194,9123,score.py 1.3 (2026-10-04)
ltd26/S+D80.std/s1/a1@dial.seen.v1,dial.standard.v2,wer_region_A,55.164,9123,score.py 1.3 (2026-10-04)
ltd26/S+D80.std/s1/a1@dial.seen.v1,dial.standard.v2,wer_region_D,30.751,9123,score.py 1.3 (2026-10-04)
ltd26/S+D80.std/s1/a1@dial.seen.v1,dial.standard.v2,wer_region_S,30.65,9123,score.py 1.3 (2026-10-04)
ltd26/S+D80.std/s1/a1@dial.seen.v1,dial.standard.v2,wer_region_Z,46.365,9123,score.py 1.3 (2026-10-04)
ltd26/S+D80.std/s1/a1@dial.seen.v1,dial.standard.v2,either_err_tag_ending,40.95,9123,score.py 1.3 (2026-10-04)
ltd26/S+D80.std/s1/a1@dial.seen.v1,dial.standard.v2,either_err_tag_kept,83.846,9123,score.py 1.3 (2026-10-04)
ltd26/S+D80.std/s1/a1@dial.seen.v1,dial.standard.v2,either_err_tag_nasal,32.319,9123,score.py 1.3 (2026-10-04)
ltd26/S+D80.std/s1/a1@dial.seen.v1,dial.standard.v2,either_err_tag_pron,48.586,9123,score.py 1.3 (2026-10-04)
ltd26/S+D80.std/s1/a1@dial.seen.v1,dial.standard.v2,either_err_tag_same,21.058,9123,score.py 1.3 (2026-10-04)
ltd26/S+D80.std/s1/a1@dial.seen.v1,dial.standard.v2,missing_hyps,0,9123,score.py 1.3 (2026-10-04)
ltd26/S+D80.std/s1/a1@phone.test.v1,phone.spoken.v1,wer_dialect,10.649,37299,score.py 1.3 (2026-10-04)
ltd26/S+D80.std/s1/a1@phone.test.v1,phone.spoken.v1,wer_standard,10.649,37299,score.py 1.3 (2026-10-04)
ltd26/S+D80.std/s1/a1@phone.test.v1,phone.spoken.v1,wer_either,10.649,37299,score.py 1.3 (2026-10-04)
ltd26/S+D80.std/s1/a1@phone.test.v1,phone.spoken.v1,cer_dialect,2.913,37299,score.py 1.3 (2026-10-04)
ltd26/S+D80.std/s1/a1@phone.test.v1,phone.spoken.v1,missing_hyps,0,37299,score.py 1.3 (2026-10-04)
ltd26/S+D80.std/s1/a1@fleurs.lt.test.v1,fleurs.lt.test.v1,wer_dialect,26.873,17136,score.py 1.3 (2026-10-04)
ltd26/S+D80.std/s1/a1@fleurs.lt.test.v1,fleurs.lt.test.v1,wer_standard,26.873,17136,score.py 1.3 (2026-10-04)
ltd26/S+D80.std/s1/a1@fleurs.lt.test.v1,fleurs.lt.test.v1,wer_either,26.873,17136,score.py 1.3 (2026-10-04)
ltd26/S+D80.std/s1/a1@fleurs.lt.test.v1,fleurs.lt.test.v1,cer_dialect,10.881,17136,score.py 1.3 (2026-10-04)
ltd26/S+D80.std/s1/a1@fleurs.lt.test.v1,fleurs.lt.test.v1,missing_hyps,0,17136,score.py 1.3 (2026-10-04)
ltd26/S+D80.std/s1/a1@cv.lt.test.v1,cv.lt.test.v1,wer_dialect,27.749,33104,score.py 1.3 (2026-10-04)
ltd26/S+D80.std/s1/a1@cv.lt.test.v1,cv.lt.test.v1,wer_standard,27.749,33104,score.py 1.3 (2026-10-04)
ltd26/S+D80.std/s1/a1@cv.lt.test.v1,cv.lt.test.v1,wer_either,27.749,33104,score.py 1.3 (2026-10-04)
ltd26/S+D80.std/s1/a1@cv.lt.test.v1,cv.lt.test.v1,cer_dialect,8.13,33104,score.py 1.3 (2026-10-04)
ltd26/S+D80.std/s1/a1@cv.lt.test.v1,cv.lt.test.v1,wer_mean_over_speakers,28.537,33104,score.py 1.3 (2026-10-04)
ltd26/S+D80.std/s1/a1@cv.lt.test.v1,cv.lt.test.v1,missing_hyps,0,33104,score.py 1.3 (2026-10-04)
ltd26/D80.dial/s1/a2@dial.test.v1,dial.standard.v2,wer_dialect,27.177,44486,score.py 1.3 (2026-10-04)
ltd26/D80.dial/s1/a2@dial.test.v1,dial.standard.v2,wer_standard,35.319,44526,score.py 1.3 (2026-10-04)
ltd26/D80.dial/s1/a2@dial.test.v1,dial.standard.v2,wer_either,24.432,44486,score.py 1.3 (2026-10-04)
ltd26/D80.dial/s1/a2@dial.test.v1,dial.standard.v2,cer_dialect,7.829,44486,score.py 1.3 (2026-10-04)
ltd26/D80.dial/s1/a2@dial.test.v1,dial.standard.v2,wer_mean_over_speakers,27.162,44486,score.py 1.3 (2026-10-04)
ltd26/D80.dial/s1/a2@dial.test.v1,dial.standard.v2,wer_region_A,25.845,44486,score.py 1.3 (2026-10-04)
ltd26/D80.dial/s1/a2@dial.test.v1,dial.standard.v2,wer_region_D,24.865,44486,score.py 1.3 (2026-10-04)
ltd26/D80.dial/s1/a2@dial.test.v1,dial.standard.v2,wer_region_S,24.009,44486,score.py 1.3 (2026-10-04)
ltd26/D80.dial/s1/a2@dial.test.v1,dial.standard.v2,wer_region_Z,33.615,44486,score.py 1.3 (2026-10-04)
ltd26/D80.dial/s1/a2@dial.test.v1,dial.standard.v2,either_err_tag_ending,33.333,44486,score.py 1.3 (2026-10-04)
ltd26/D80.dial/s1/a2@dial.test.v1,dial.standard.v2,either_err_tag_kept,57.778,44486,score.py 1.3 (2026-10-04)
ltd26/D80.dial/s1/a2@dial.test.v1,dial.standard.v2,either_err_tag_nasal,33.4,44486,score.py 1.3 (2026-10-04)
ltd26/D80.dial/s1/a2@dial.test.v1,dial.standard.v2,either_err_tag_pron,37.615,44486,score.py 1.3 (2026-10-04)
ltd26/D80.dial/s1/a2@dial.test.v1,dial.standard.v2,either_err_tag_same,20.561,44486,score.py 1.3 (2026-10-04)
ltd26/D80.dial/s1/a2@dial.test.v1,dial.standard.v2,missing_hyps,0,44486,score.py 1.3 (2026-10-04)
ltd26/D80.dial/s1/a2@dial.seen.v1,dial.standard.v2,wer_dialect,27.907,9123,score.py 1.3 (2026-10-04)
ltd26/D80.dial/s1/a2@dial.seen.v1,dial.standard.v2,wer_standard,37.93,9130,score.py 1.3 (2026-10-04)
ltd26/D80.dial/s1/a2@dial.seen.v1,dial.standard.v2,wer_either,25.244,9123,score.py 1.3 (2026-10-04)
ltd26/D80.dial/s1/a2@dial.seen.v1,dial.standard.v2,cer_dialect,8.185,9123,score.py 1.3 (2026-10-04)
ltd26/D80.dial/s1/a2@dial.seen.v1,dial.standard.v2,wer_mean_over_speakers,28.08,9123,score.py 1.3 (2026-10-04)
ltd26/D80.dial/s1/a2@dial.seen.v1,dial.standard.v2,wer_region_A,34.887,9123,score.py 1.3 (2026-10-04)
ltd26/D80.dial/s1/a2@dial.seen.v1,dial.standard.v2,wer_region_D,23.205,9123,score.py 1.3 (2026-10-04)
ltd26/D80.dial/s1/a2@dial.seen.v1,dial.standard.v2,wer_region_S,24.284,9123,score.py 1.3 (2026-10-04)
ltd26/D80.dial/s1/a2@dial.seen.v1,dial.standard.v2,wer_region_Z,29.321,9123,score.py 1.3 (2026-10-04)
ltd26/D80.dial/s1/a2@dial.seen.v1,dial.standard.v2,either_err_tag_ending,36.097,9123,score.py 1.3 (2026-10-04)
ltd26/D80.dial/s1/a2@dial.seen.v1,dial.standard.v2,either_err_tag_kept,61.538,9123,score.py 1.3 (2026-10-04)
ltd26/D80.dial/s1/a2@dial.seen.v1,dial.standard.v2,either_err_tag_nasal,27.757,9123,score.py 1.3 (2026-10-04)
ltd26/D80.dial/s1/a2@dial.seen.v1,dial.standard.v2,either_err_tag_pron,44.398,9123,score.py 1.3 (2026-10-04)
ltd26/D80.dial/s1/a2@dial.seen.v1,dial.standard.v2,either_err_tag_same,20.174,9123,score.py 1.3 (2026-10-04)
ltd26/D80.dial/s1/a2@dial.seen.v1,dial.standard.v2,missing_hyps,0,9123,score.py 1.3 (2026-10-04)
ltd26/D80.dial/s1/a2@phone.test.v1,phone.spoken.v1,wer_dialect,28.202,37299,score.py 1.3 (2026-10-04)
ltd26/D80.dial/s1/a2@phone.test.v1,phone.spoken.v1,wer_standard,28.202,37299,score.py 1.3 (2026-10-04)
ltd26/D80.dial/s1/a2@phone.test.v1,phone.spoken.v1,wer_either,28.202,37299,score.py 1.3 (2026-10-04)
ltd26/D80.dial/s1/a2@phone.test.v1,phone.spoken.v1,cer_dialect,6.9,37299,score.py 1.3 (2026-10-04)
ltd26/D80.dial/s1/a2@phone.test.v1,phone.spoken.v1,missing_hyps,0,37299,score.py 1.3 (2026-10-04)
ltd26/D80.dial/s1/a2@fleurs.lt.test.v1,fleurs.lt.test.v1,wer_dialect,41.538,17136,score.py 1.3 (2026-10-04)
ltd26/D80.dial/s1/a2@fleurs.lt.test.v1,fleurs.lt.test.v1,wer_standard,41.538,17136,score.py 1.3 (2026-10-04)
ltd26/D80.dial/s1/a2@fleurs.lt.test.v1,fleurs.lt.test.v1,wer_either,41.538,17136,score.py 1.3 (2026-10-04)
ltd26/D80.dial/s1/a2@fleurs.lt.test.v1,fleurs.lt.test.v1,cer_dialect,12.595,17136,score.py 1.3 (2026-10-04)
ltd26/D80.dial/s1/a2@fleurs.lt.test.v1,fleurs.lt.test.v1,missing_hyps,0,17136,score.py 1.3 (2026-10-04)
ltd26/D80.dial/s1/a2@cv.lt.test.v1,cv.lt.test.v1,wer_dialect,39.744,33104,score.py 1.3 (2026-10-04)
ltd26/D80.dial/s1/a2@cv.lt.test.v1,cv.lt.test.v1,wer_standard,39.744,33104,score.py 1.3 (2026-10-04)
ltd26/D80.dial/s1/a2@cv.lt.test.v1,cv.lt.test.v1,wer_either,39.744,33104,score.py 1.3 (2026-10-04)
ltd26/D80.dial/s1/a2@cv.lt.test.v1,cv.lt.test.v1,cer_dialect,9.696,33104,score.py 1.3 (2026-10-04)
ltd26/D80.dial/s1/a2@cv.lt.test.v1,cv.lt.test.v1,wer_mean_over_speakers,40.579,33104,score.py 1.3 (2026-10-04)
ltd26/D80.dial/s1/a2@cv.lt.test.v1,cv.lt.test.v1,missing_hyps,0,33104,score.py 1.3 (2026-10-04)
ltd26/D80.std/s1/a1@dial.test.v1,dial.standard.v2,wer_dialect,35.155,44486,score.py 1.3 (2026-10-04)
ltd26/D80.std/s1/a1@dial.test.v1,dial.standard.v2,wer_standard,22.722,44526,score.py 1.3 (2026-10-04)
ltd26/D80.std/s1/a1@dial.test.v1,dial.standard.v2,wer_either,21.913,44486,score.py 1.3 (2026-10-04)
ltd26/D80.std/s1/a1@dial.test.v1,dial.standard.v2,cer_dialect,9.987,44486,score.py 1.3 (2026-10-04)
ltd26/D80.std/s1/a1@dial.test.v1,dial.standard.v2,wer_mean_over_speakers,35.088,44486,score.py 1.3 (2026-10-04)
ltd26/D80.std/s1/a1@dial.test.v1,dial.standard.v2,wer_region_A,38.767,44486,score.py 1.3 (2026-10-04)
ltd26/D80.std/s1/a1@dial.test.v1,dial.standard.v2,wer_region_D,36.147,44486,score.py 1.3 (2026-10-04)
ltd26/D80.std/s1/a1@dial.test.v1,dial.standard.v2,wer_region_S,24.929,44486,score.py 1.3 (2026-10-04)
ltd26/D80.std/s1/a1@dial.test.v1,dial.standard.v2,wer_region_Z,39.699,44486,score.py 1.3 (2026-10-04)
ltd26/D80.std/s1/a1@dial.test.v1,dial.standard.v2,either_err_tag_ending,30.318,44486,score.py 1.3 (2026-10-04)
ltd26/D80.std/s1/a1@dial.test.v1,dial.standard.v2,either_err_tag_kept,69.798,44486,score.py 1.3 (2026-10-04)
ltd26/D80.std/s1/a1@dial.test.v1,dial.standard.v2,either_err_tag_nasal,28.1,44486,score.py 1.3 (2026-10-04)
ltd26/D80.std/s1/a1@dial.test.v1,dial.standard.v2,either_err_tag_pron,37.503,44486,score.py 1.3 (2026-10-04)
ltd26/D80.std/s1/a1@dial.test.v1,dial.standard.v2,either_err_tag_same,17.444,44486,score.py 1.3 (2026-10-04)
ltd26/D80.std/s1/a1@dial.test.v1,dial.standard.v2,missing_hyps,0,44486,score.py 1.3 (2026-10-04)
ltd26/D80.std/s1/a1@dial.seen.v1,dial.standard.v2,wer_dialect,37.762,9123,score.py 1.3 (2026-10-04)
ltd26/D80.std/s1/a1@dial.seen.v1,dial.standard.v2,wer_standard,23.549,9130,score.py 1.3 (2026-10-04)
ltd26/D80.std/s1/a1@dial.seen.v1,dial.standard.v2,wer_either,22.679,9123,score.py 1.3 (2026-10-04)
ltd26/D80.std/s1/a1@dial.seen.v1,dial.standard.v2,cer_dialect,11.076,9123,score.py 1.3 (2026-10-04)
ltd26/D80.std/s1/a1@dial.seen.v1,dial.standard.v2,wer_mean_over_speakers,38.222,9123,score.py 1.3 (2026-10-04)
ltd26/D80.std/s1/a1@dial.seen.v1,dial.standard.v2,wer_region_A,52.687,9123,score.py 1.3 (2026-10-04)
ltd26/D80.std/s1/a1@dial.seen.v1,dial.standard.v2,wer_region_D,27.383,9123,score.py 1.3 (2026-10-04)
ltd26/D80.std/s1/a1@dial.seen.v1,dial.standard.v2,wer_region_S,27.558,9123,score.py 1.3 (2026-10-04)
ltd26/D80.std/s1/a1@dial.seen.v1,dial.standard.v2,wer_region_Z,43.765,9123,score.py 1.3 (2026-10-04)
ltd26/D80.std/s1/a1@dial.seen.v1,dial.standard.v2,either_err_tag_ending,34.479,9123,score.py 1.3 (2026-10-04)
ltd26/D80.std/s1/a1@dial.seen.v1,dial.standard.v2,either_err_tag_kept,73.077,9123,score.py 1.3 (2026-10-04)
ltd26/D80.std/s1/a1@dial.seen.v1,dial.standard.v2,either_err_tag_nasal,24.715,9123,score.py 1.3 (2026-10-04)
ltd26/D80.std/s1/a1@dial.seen.v1,dial.standard.v2,either_err_tag_pron,42.932,9123,score.py 1.3 (2026-10-04)
ltd26/D80.std/s1/a1@dial.seen.v1,dial.standard.v2,either_err_tag_same,17.065,9123,score.py 1.3 (2026-10-04)
ltd26/D80.std/s1/a1@dial.seen.v1,dial.standard.v2,missing_hyps,0,9123,score.py 1.3 (2026-10-04)
ltd26/D80.std/s1/a1@phone.test.v1,phone.spoken.v1,wer_dialect,19.625,37299,score.py 1.3 (2026-10-04)
ltd26/D80.std/s1/a1@phone.test.v1,phone.spoken.v1,wer_standard,19.625,37299,score.py 1.3 (2026-10-04)
ltd26/D80.std/s1/a1@phone.test.v1,phone.spoken.v1,wer_either,19.625,37299,score.py 1.3 (2026-10-04)
ltd26/D80.std/s1/a1@phone.test.v1,phone.spoken.v1,cer_dialect,5.379,37299,score.py 1.3 (2026-10-04)
ltd26/D80.std/s1/a1@phone.test.v1,phone.spoken.v1,missing_hyps,0,37299,score.py 1.3 (2026-10-04)
ltd26/D80.std/s1/a1@fleurs.lt.test.v1,fleurs.lt.test.v1,wer_dialect,30.34,17136,score.py 1.3 (2026-10-04)
ltd26/D80.std/s1/a1@fleurs.lt.test.v1,fleurs.lt.test.v1,wer_standard,30.34,17136,score.py 1.3 (2026-10-04)
ltd26/D80.std/s1/a1@fleurs.lt.test.v1,fleurs.lt.test.v1,wer_either,30.34,17136,score.py 1.3 (2026-10-04)
ltd26/D80.std/s1/a1@fleurs.lt.test.v1,fleurs.lt.test.v1,cer_dialect,10.709,17136,score.py 1.3 (2026-10-04)
ltd26/D80.std/s1/a1@fleurs.lt.test.v1,fleurs.lt.test.v1,missing_hyps,0,17136,score.py 1.3 (2026-10-04)
ltd26/D80.std/s1/a1@cv.lt.test.v1,cv.lt.test.v1,wer_dialect,26.713,33104,score.py 1.3 (2026-10-04)
ltd26/D80.std/s1/a1@cv.lt.test.v1,cv.lt.test.v1,wer_standard,26.713,33104,score.py 1.3 (2026-10-04)
ltd26/D80.std/s1/a1@cv.lt.test.v1,cv.lt.test.v1,wer_either,26.713,33104,score.py 1.3 (2026-10-04)
ltd26/D80.std/s1/a1@cv.lt.test.v1,cv.lt.test.v1,cer_dialect,6.162,33104,score.py 1.3 (2026-10-04)
ltd26/D80.std/s1/a1@cv.lt.test.v1,cv.lt.test.v1,wer_mean_over_speakers,27.179,33104,score.py 1.3 (2026-10-04)
ltd26/D80.std/s1/a1@cv.lt.test.v1,cv.lt.test.v1,missing_hyps,0,33104,score.py 1.3 (2026-10-04)
ltd26/S+D80-A.std/s1/a1@dial.test.v1,dial.standard.v2,wer_dialect,38.003,44486,score.py 1.3 (2026-10-04)
ltd26/S+D80-A.std/s1/a1@dial.test.v1,dial.standard.v2,wer_standard,27.95,44526,score.py 1.3 (2026-10-04)
ltd26/S+D80-A.std/s1/a1@dial.test.v1,dial.standard.v2,wer_either,26.916,44486,score.py 1.3 (2026-10-04)
ltd26/S+D80-A.std/s1/a1@dial.test.v1,dial.standard.v2,cer_dialect,11.304,44486,score.py 1.3 (2026-10-04)
ltd26/S+D80-A.std/s1/a1@dial.test.v1,dial.standard.v2,wer_mean_over_speakers,37.985,44486,score.py 1.3 (2026-10-04)
ltd26/S+D80-A.std/s1/a1@dial.test.v1,dial.standard.v2,wer_region_A,41.765,44486,score.py 1.3 (2026-10-04)
ltd26/S+D80-A.std/s1/a1@dial.test.v1,dial.standard.v2,wer_region_D,39.597,44486,score.py 1.3 (2026-10-04)
ltd26/S+D80-A.std/s1/a1@dial.test.v1,dial.standard.v2,wer_region_S,26.995,44486,score.py 1.3 (2026-10-04)
ltd26/S+D80-A.std/s1/a1@dial.test.v1,dial.standard.v2,wer_region_Z,42.493,44486,score.py 1.3 (2026-10-04)
ltd26/S+D80-A.std/s1/a1@dial.test.v1,dial.standard.v2,either_err_tag_ending,40.159,44486,score.py 1.3 (2026-10-04)
ltd26/S+D80-A.std/s1/a1@dial.test.v1,dial.standard.v2,either_err_tag_kept,73.535,44486,score.py 1.3 (2026-10-04)
ltd26/S+D80-A.std/s1/a1@dial.test.v1,dial.standard.v2,either_err_tag_nasal,33.5,44486,score.py 1.3 (2026-10-04)
ltd26/S+D80-A.std/s1/a1@dial.test.v1,dial.standard.v2,either_err_tag_pron,48.574,44486,score.py 1.3 (2026-10-04)
ltd26/S+D80-A.std/s1/a1@dial.test.v1,dial.standard.v2,either_err_tag_same,21.175,44486,score.py 1.3 (2026-10-04)
ltd26/S+D80-A.std/s1/a1@dial.test.v1,dial.standard.v2,missing_hyps,0,44486,score.py 1.3 (2026-10-04)
ltd26/S+D80-A.std/s1/a1@dial.seen.v1,dial.standard.v2,wer_dialect,41.401,9123,score.py 1.3 (2026-10-04)
ltd26/S+D80-A.std/s1/a1@dial.seen.v1,dial.standard.v2,wer_standard,29.704,9130,score.py 1.3 (2026-10-04)
ltd26/S+D80-A.std/s1/a1@dial.seen.v1,dial.standard.v2,wer_either,28.686,9123,score.py 1.3 (2026-10-04)
ltd26/S+D80-A.std/s1/a1@dial.seen.v1,dial.standard.v2,cer_dialect,12.967,9123,score.py 1.3 (2026-10-04)
ltd26/S+D80-A.std/s1/a1@dial.seen.v1,dial.standard.v2,wer_mean_over_speakers,41.978,9123,score.py 1.3 (2026-10-04)
ltd26/S+D80-A.std/s1/a1@dial.seen.v1,dial.standard.v2,wer_region_A,56.759,9123,score.py 1.3 (2026-10-04)
ltd26/S+D80-A.std/s1/a1@dial.seen.v1,dial.standard.v2,wer_region_D,31.034,9123,score.py 1.3 (2026-10-04)
ltd26/S+D80-A.std/s1/a1@dial.seen.v1,dial.standard.v2,wer_region_S,31.287,9123,score.py 1.3 (2026-10-04)
ltd26/S+D80-A.std/s1/a1@dial.seen.v1,dial.standard.v2,wer_region_Z,46.798,9123,score.py 1.3 (2026-10-04)
ltd26/S+D80-A.std/s1/a1@dial.seen.v1,dial.standard.v2,either_err_tag_ending,42.669,9123,score.py 1.3 (2026-10-04)
ltd26/S+D80-A.std/s1/a1@dial.seen.v1,dial.standard.v2,either_err_tag_kept,85.385,9123,score.py 1.3 (2026-10-04)
ltd26/S+D80-A.std/s1/a1@dial.seen.v1,dial.standard.v2,either_err_tag_nasal,32.319,9123,score.py 1.3 (2026-10-04)
ltd26/S+D80-A.std/s1/a1@dial.seen.v1,dial.standard.v2,either_err_tag_pron,53.822,9123,score.py 1.3 (2026-10-04)
ltd26/S+D80-A.std/s1/a1@dial.seen.v1,dial.standard.v2,either_err_tag_same,21.883,9123,score.py 1.3 (2026-10-04)
ltd26/S+D80-A.std/s1/a1@dial.seen.v1,dial.standard.v2,missing_hyps,0,9123,score.py 1.3 (2026-10-04)
ltd26/S+D80-A.std/s1/a1@phone.test.v1,phone.spoken.v1,wer_dialect,10.526,37299,score.py 1.3 (2026-10-04)
ltd26/S+D80-A.std/s1/a1@phone.test.v1,phone.spoken.v1,wer_standard,10.526,37299,score.py 1.3 (2026-10-04)
ltd26/S+D80-A.std/s1/a1@phone.test.v1,phone.spoken.v1,wer_either,10.526,37299,score.py 1.3 (2026-10-04)
ltd26/S+D80-A.std/s1/a1@phone.test.v1,phone.spoken.v1,cer_dialect,2.897,37299,score.py 1.3 (2026-10-04)
ltd26/S+D80-A.std/s1/a1@phone.test.v1,phone.spoken.v1,missing_hyps,0,37299,score.py 1.3 (2026-10-04)
ltd26/S+D80-A.std/s1/a1@fleurs.lt.test.v1,fleurs.lt.test.v1,wer_dialect,21.376,17136,score.py 1.3 (2026-10-04)
ltd26/S+D80-A.std/s1/a1@fleurs.lt.test.v1,fleurs.lt.test.v1,wer_standard,21.376,17136,score.py 1.3 (2026-10-04)
ltd26/S+D80-A.std/s1/a1@fleurs.lt.test.v1,fleurs.lt.test.v1,wer_either,21.376,17136,score.py 1.3 (2026-10-04)
ltd26/S+D80-A.std/s1/a1@fleurs.lt.test.v1,fleurs.lt.test.v1,cer_dialect,8.646,17136,score.py 1.3 (2026-10-04)
ltd26/S+D80-A.std/s1/a1@fleurs.lt.test.v1,fleurs.lt.test.v1,missing_hyps,0,17136,score.py 1.3 (2026-10-04)
ltd26/S+D80-A.std/s1/a1@cv.lt.test.v1,cv.lt.test.v1,wer_dialect,20.333,33104,score.py 1.3 (2026-10-04)
ltd26/S+D80-A.std/s1/a1@cv.lt.test.v1,cv.lt.test.v1,wer_standard,20.333,33104,score.py 1.3 (2026-10-04)
ltd26/S+D80-A.std/s1/a1@cv.lt.test.v1,cv.lt.test.v1,wer_either,20.333,33104,score.py 1.3 (2026-10-04)
ltd26/S+D80-A.std/s1/a1@cv.lt.test.v1,cv.lt.test.v1,cer_dialect,5.035,33104,score.py 1.3 (2026-10-04)
ltd26/S+D80-A.std/s1/a1@cv.lt.test.v1,cv.lt.test.v1,wer_mean_over_speakers,22.093,33104,score.py 1.3 (2026-10-04)
ltd26/S+D80-A.std/s1/a1@cv.lt.test.v1,cv.lt.test.v1,missing_hyps,0,33104,score.py 1.3 (2026-10-04)
ltd26/S/s2/a1@dial.test.v1,dial.standard.v2,wer_dialect,41.128,44486,score.py 1.3 (2026-10-04)
ltd26/S/s2/a1@dial.test.v1,dial.standard.v2,wer_standard,35.233,44526,score.py 1.3 (2026-10-04)
ltd26/S/s2/a1@dial.test.v1,dial.standard.v2,wer_either,33.602,44486,score.py 1.3 (2026-10-04)
ltd26/S/s2/a1@dial.test.v1,dial.standard.v2,cer_dialect,12.965,44486,score.py 1.3 (2026-10-04)
ltd26/S/s2/a1@dial.test.v1,dial.standard.v2,wer_mean_over_speakers,41.281,44486,score.py 1.3 (2026-10-04)
ltd26/S/s2/a1@dial.test.v1,dial.standard.v2,wer_region_A,43.428,44486,score.py 1.3 (2026-10-04)
ltd26/S/s2/a1@dial.test.v1,dial.standard.v2,wer_region_D,43.344,44486,score.py 1.3 (2026-10-04)
ltd26/S/s2/a1@dial.test.v1,dial.standard.v2,wer_region_S,31.254,44486,score.py 1.3 (2026-10-04)
ltd26/S/s2/a1@dial.test.v1,dial.standard.v2,wer_region_Z,45.426,44486,score.py 1.3 (2026-10-04)
ltd26/S/s2/a1@dial.test.v1,dial.standard.v2,either_err_tag_ending,56.743,44486,score.py 1.3 (2026-10-04)
ltd26/S/s2/a1@dial.test.v1,dial.standard.v2,either_err_tag_kept,75.253,44486,score.py 1.3 (2026-10-04)
ltd26/S/s2/a1@dial.test.v1,dial.standard.v2,either_err_tag_nasal,36.1,44486,score.py 1.3 (2026-10-04)
ltd26/S/s2/a1@dial.test.v1,dial.standard.v2,either_err_tag_pron,62.857,44486,score.py 1.3 (2026-10-04)
ltd26/S/s2/a1@dial.test.v1,dial.standard.v2,either_err_tag_same,26.088,44486,score.py 1.3 (2026-10-04)
ltd26/S/s2/a1@dial.test.v1,dial.standard.v2,missing_hyps,0,44486,score.py 1.3 (2026-10-04)
ltd26/S/s2/a1@dial.seen.v1,dial.standard.v2,wer_dialect,44.163,9123,score.py 1.3 (2026-10-04)
ltd26/S/s2/a1@dial.seen.v1,dial.standard.v2,wer_standard,36.298,9130,score.py 1.3 (2026-10-04)
ltd26/S/s2/a1@dial.seen.v1,dial.standard.v2,wer_either,35.043,9123,score.py 1.3 (2026-10-04)
ltd26/S/s2/a1@dial.seen.v1,dial.standard.v2,cer_dialect,14.892,9123,score.py 1.3 (2026-10-04)
ltd26/S/s2/a1@dial.seen.v1,dial.standard.v2,wer_mean_over_speakers,44.866,9123,score.py 1.3 (2026-10-04)
ltd26/S/s2/a1@dial.seen.v1,dial.standard.v2,wer_region_A,59.278,9123,score.py 1.3 (2026-10-04)
ltd26/S/s2/a1@dial.seen.v1,dial.standard.v2,wer_region_D,33.955,9123,score.py 1.3 (2026-10-04)
ltd26/S/s2/a1@dial.seen.v1,dial.standard.v2,wer_region_S,36.016,9123,score.py 1.3 (2026-10-04)
ltd26/S/s2/a1@dial.seen.v1,dial.standard.v2,wer_region_Z,47.569,9123,score.py 1.3 (2026-10-04)
ltd26/S/s2/a1@dial.seen.v1,dial.standard.v2,either_err_tag_ending,59.858,9123,score.py 1.3 (2026-10-04)
ltd26/S/s2/a1@dial.seen.v1,dial.standard.v2,either_err_tag_kept,84.615,9123,score.py 1.3 (2026-10-04)
ltd26/S/s2/a1@dial.seen.v1,dial.standard.v2,either_err_tag_nasal,33.46,9123,score.py 1.3 (2026-10-04)
ltd26/S/s2/a1@dial.seen.v1,dial.standard.v2,either_err_tag_pron,66.492,9123,score.py 1.3 (2026-10-04)
ltd26/S/s2/a1@dial.seen.v1,dial.standard.v2,either_err_tag_same,26.113,9123,score.py 1.3 (2026-10-04)
ltd26/S/s2/a1@dial.seen.v1,dial.standard.v2,missing_hyps,0,9123,score.py 1.3 (2026-10-04)
ltd26/S/s2/a1@phone.test.v1,phone.spoken.v1,wer_dialect,10.456,37299,score.py 1.3 (2026-10-04)
ltd26/S/s2/a1@phone.test.v1,phone.spoken.v1,wer_standard,10.456,37299,score.py 1.3 (2026-10-04)
ltd26/S/s2/a1@phone.test.v1,phone.spoken.v1,wer_either,10.456,37299,score.py 1.3 (2026-10-04)
ltd26/S/s2/a1@phone.test.v1,phone.spoken.v1,cer_dialect,2.892,37299,score.py 1.3 (2026-10-04)
ltd26/S/s2/a1@phone.test.v1,phone.spoken.v1,missing_hyps,0,37299,score.py 1.3 (2026-10-04)
ltd26/S/s2/a1@fleurs.lt.test.v1,fleurs.lt.test.v1,wer_dialect,28.647,17136,score.py 1.3 (2026-10-04)
ltd26/S/s2/a1@fleurs.lt.test.v1,fleurs.lt.test.v1,wer_standard,28.647,17136,score.py 1.3 (2026-10-04)
ltd26/S/s2/a1@fleurs.lt.test.v1,fleurs.lt.test.v1,wer_either,28.647,17136,score.py 1.3 (2026-10-04)
ltd26/S/s2/a1@fleurs.lt.test.v1,fleurs.lt.test.v1,cer_dialect,15.31,17136,score.py 1.3 (2026-10-04)
ltd26/S/s2/a1@fleurs.lt.test.v1,fleurs.lt.test.v1,missing_hyps,0,17136,score.py 1.3 (2026-10-04)
ltd26/S/s2/a1@cv.lt.test.v1,cv.lt.test.v1,wer_dialect,44.738,33104,score.py 1.3 (2026-10-04)
ltd26/S/s2/a1@cv.lt.test.v1,cv.lt.test.v1,wer_standard,44.738,33104,score.py 1.3 (2026-10-04)
ltd26/S/s2/a1@cv.lt.test.v1,cv.lt.test.v1,wer_either,44.738,33104,score.py 1.3 (2026-10-04)
ltd26/S/s2/a1@cv.lt.test.v1,cv.lt.test.v1,cer_dialect,25.785,33104,score.py 1.3 (2026-10-04)
ltd26/S/s2/a1@cv.lt.test.v1,cv.lt.test.v1,wer_mean_over_speakers,45.255,33104,score.py 1.3 (2026-10-04)
ltd26/S/s2/a1@cv.lt.test.v1,cv.lt.test.v1,missing_hyps,0,33104,score.py 1.3 (2026-10-04)
ltd26/S+D80.dial/s2/a1@dial.test.v1,dial.standard.v2,wer_dialect,31.313,44486,score.py 1.3 (2026-10-04)
ltd26/S+D80.dial/s2/a1@dial.test.v1,dial.standard.v2,wer_standard,37.174,44526,score.py 1.3 (2026-10-04)
ltd26/S+D80.dial/s2/a1@dial.test.v1,dial.standard.v2,wer_either,28.047,44486,score.py 1.3 (2026-10-04)
ltd26/S+D80.dial/s2/a1@dial.test.v1,dial.standard.v2,cer_dialect,9.165,44486,score.py 1.3 (2026-10-04)
ltd26/S+D80.dial/s2/a1@dial.test.v1,dial.standard.v2,wer_mean_over_speakers,31.318,44486,score.py 1.3 (2026-10-04)
ltd26/S+D80.dial/s2/a1@dial.test.v1,dial.standard.v2,wer_region_A,29.4,44486,score.py 1.3 (2026-10-04)
ltd26/S+D80.dial/s2/a1@dial.test.v1,dial.standard.v2,wer_region_D,31.356,44486,score.py 1.3 (2026-10-04)
ltd26/S+D80.dial/s2/a1@dial.test.v1,dial.standard.v2,wer_region_S,27.24,44486,score.py 1.3 (2026-10-04)
ltd26/S+D80.dial/s2/a1@dial.test.v1,dial.standard.v2,wer_region_Z,36.774,44486,score.py 1.3 (2026-10-04)
ltd26/S+D80.dial/s2/a1@dial.test.v1,dial.standard.v2,either_err_tag_ending,39.364,44486,score.py 1.3 (2026-10-04)
ltd26/S+D80.dial/s2/a1@dial.test.v1,dial.standard.v2,either_err_tag_kept,64.545,44486,score.py 1.3 (2026-10-04)
ltd26/S+D80.dial/s2/a1@dial.test.v1,dial.standard.v2,either_err_tag_nasal,38.3,44486,score.py 1.3 (2026-10-04)
ltd26/S+D80.dial/s2/a1@dial.test.v1,dial.standard.v2,either_err_tag_pron,44.756,44486,score.py 1.3 (2026-10-04)
ltd26/S+D80.dial/s2/a1@dial.test.v1,dial.standard.v2,either_err_tag_same,23.335,44486,score.py 1.3 (2026-10-04)
ltd26/S+D80.dial/s2/a1@dial.test.v1,dial.standard.v2,missing_hyps,0,44486,score.py 1.3 (2026-10-04)
ltd26/S+D80.dial/s2/a1@dial.seen.v1,dial.standard.v2,wer_dialect,33.607,9123,score.py 1.3 (2026-10-04)
ltd26/S+D80.dial/s2/a1@dial.seen.v1,dial.standard.v2,wer_standard,39.441,9130,score.py 1.3 (2026-10-04)
ltd26/S+D80.dial/s2/a1@dial.seen.v1,dial.standard.v2,wer_either,29.738,9123,score.py 1.3 (2026-10-04)
ltd26/S+D80.dial/s2/a1@dial.seen.v1,dial.standard.v2,cer_dialect,10.02,9123,score.py 1.3 (2026-10-04)
ltd26/S+D80.dial/s2/a1@dial.seen.v1,dial.standard.v2,wer_mean_over_speakers,33.886,9123,score.py 1.3 (2026-10-04)
ltd26/S+D80.dial/s2/a1@dial.seen.v1,dial.standard.v2,wer_region_A,43.283,9123,score.py 1.3 (2026-10-04)
ltd26/S+D80.dial/s2/a1@dial.seen.v1,dial.standard.v2,wer_region_D,26.004,9123,score.py 1.3 (2026-10-04)
ltd26/S+D80.dial/s2/a1@dial.seen.v1,dial.standard.v2,wer_region_S,29.059,9123,score.py 1.3 (2026-10-04)
ltd26/S+D80.dial/s2/a1@dial.seen.v1,dial.standard.v2,wer_region_Z,36.351,9123,score.py 1.3 (2026-10-04)
ltd26/S+D80.dial/s2/a1@dial.seen.v1,dial.standard.v2,either_err_tag_ending,43.074,9123,score.py 1.3 (2026-10-04)
ltd26/S+D80.dial/s2/a1@dial.seen.v1,dial.standard.v2,either_err_tag_kept,70.0,9123,score.py 1.3 (2026-10-04)
ltd26/S+D80.dial/s2/a1@dial.seen.v1,dial.standard.v2,either_err_tag_nasal,34.601,9123,score.py 1.3 (2026-10-04)
ltd26/S+D80.dial/s2/a1@dial.seen.v1,dial.standard.v2,either_err_tag_pron,54.45,9123,score.py 1.3 (2026-10-04)
ltd26/S+D80.dial/s2/a1@dial.seen.v1,dial.standard.v2,either_err_tag_same,23.357,9123,score.py 1.3 (2026-10-04)
ltd26/S+D80.dial/s2/a1@dial.seen.v1,dial.standard.v2,missing_hyps,0,9123,score.py 1.3 (2026-10-04)
ltd26/S+D80.dial/s2/a1@phone.test.v1,phone.spoken.v1,wer_dialect,10.719,37299,score.py 1.3 (2026-10-04)
ltd26/S+D80.dial/s2/a1@phone.test.v1,phone.spoken.v1,wer_standard,10.719,37299,score.py 1.3 (2026-10-04)
ltd26/S+D80.dial/s2/a1@phone.test.v1,phone.spoken.v1,wer_either,10.719,37299,score.py 1.3 (2026-10-04)
ltd26/S+D80.dial/s2/a1@phone.test.v1,phone.spoken.v1,cer_dialect,2.938,37299,score.py 1.3 (2026-10-04)
ltd26/S+D80.dial/s2/a1@phone.test.v1,phone.spoken.v1,missing_hyps,0,37299,score.py 1.3 (2026-10-04)
ltd26/S+D80.dial/s2/a1@fleurs.lt.test.v1,fleurs.lt.test.v1,wer_dialect,22.578,17136,score.py 1.3 (2026-10-04)
ltd26/S+D80.dial/s2/a1@fleurs.lt.test.v1,fleurs.lt.test.v1,wer_standard,22.578,17136,score.py 1.3 (2026-10-04)
ltd26/S+D80.dial/s2/a1@fleurs.lt.test.v1,fleurs.lt.test.v1,wer_either,22.578,17136,score.py 1.3 (2026-10-04)
ltd26/S+D80.dial/s2/a1@fleurs.lt.test.v1,fleurs.lt.test.v1,cer_dialect,9.291,17136,score.py 1.3 (2026-10-04)
ltd26/S+D80.dial/s2/a1@fleurs.lt.test.v1,fleurs.lt.test.v1,missing_hyps,0,17136,score.py 1.3 (2026-10-04)
ltd26/S+D80.dial/s2/a1@cv.lt.test.v1,cv.lt.test.v1,wer_dialect,27.988,33104,score.py 1.3 (2026-10-04)
ltd26/S+D80.dial/s2/a1@cv.lt.test.v1,cv.lt.test.v1,wer_standard,27.988,33104,score.py 1.3 (2026-10-04)
ltd26/S+D80.dial/s2/a1@cv.lt.test.v1,cv.lt.test.v1,wer_either,27.988,33104,score.py 1.3 (2026-10-04)
ltd26/S+D80.dial/s2/a1@cv.lt.test.v1,cv.lt.test.v1,cer_dialect,10.078,33104,score.py 1.3 (2026-10-04)
ltd26/S+D80.dial/s2/a1@cv.lt.test.v1,cv.lt.test.v1,wer_mean_over_speakers,28.822,33104,score.py 1.3 (2026-10-04)
ltd26/S+D80.dial/s2/a1@cv.lt.test.v1,cv.lt.test.v1,missing_hyps,0,33104,score.py 1.3 (2026-10-04)
B/parakeet-tdt-0.6b-v3@fleurs.lt.test.v1,fleurs.lt.test.v1,wer_dialect,22.1,17136,score.py 1.3 (2026-10-04)
B/parakeet-tdt-0.6b-v3@fleurs.lt.test.v1,fleurs.lt.test.v1,wer_standard,22.1,17136,score.py 1.3 (2026-10-04)
B/parakeet-tdt-0.6b-v3@fleurs.lt.test.v1,fleurs.lt.test.v1,wer_either,22.1,17136,score.py 1.3 (2026-10-04)
B/parakeet-tdt-0.6b-v3@fleurs.lt.test.v1,fleurs.lt.test.v1,cer_dialect,5.756,17136,score.py 1.3 (2026-10-04)
B/parakeet-tdt-0.6b-v3@fleurs.lt.test.v1,fleurs.lt.test.v1,missing_hyps,0,17136,score.py 1.3 (2026-10-04)
B/parakeet-tdt-0.6b-v3@cv.lt.test.v1,cv.lt.test.v1,wer_dialect,16.518,33104,score.py 1.3 (2026-10-04)
B/parakeet-tdt-0.6b-v3@cv.lt.test.v1,cv.lt.test.v1,wer_standard,16.518,33104,score.py 1.3 (2026-10-04)
B/parakeet-tdt-0.6b-v3@cv.lt.test.v1,cv.lt.test.v1,wer_either,16.518,33104,score.py 1.3 (2026-10-04)
B/parakeet-tdt-0.6b-v3@cv.lt.test.v1,cv.lt.test.v1,cer_dialect,4.278,33104,score.py 1.3 (2026-10-04)
B/parakeet-tdt-0.6b-v3@cv.lt.test.v1,cv.lt.test.v1,wer_mean_over_speakers,18.015,33104,score.py 1.3 (2026-10-04)
B/parakeet-tdt-0.6b-v3@cv.lt.test.v1,cv.lt.test.v1,missing_hyps,0,33104,score.py 1.3 (2026-10-04)
B/whisper-large-v3@dial.test.v1,dial.standard.v2,wer_dialect,59.362,44486,score.py 1.3 (2026-10-04)
B/whisper-large-v3@dial.test.v1,dial.standard.v2,wer_standard,54.57,44526,score.py 1.3 (2026-10-04)
B/whisper-large-v3@dial.test.v1,dial.standard.v2,wer_either,53.149,44486,score.py 1.3 (2026-10-04)
B/whisper-large-v3@dial.test.v1,dial.standard.v2,cer_dialect,26.07,44486,score.py 1.3 (2026-10-04)
B/whisper-large-v3@dial.test.v1,dial.standard.v2,wer_mean_over_speakers,58.856,44486,score.py 1.3 (2026-10-04)
B/whisper-large-v3@dial.test.v1,dial.standard.v2,wer_region_A,54.776,44486,score.py 1.3 (2026-10-04)
B/whisper-large-v3@dial.test.v1,dial.standard.v2,wer_region_D,62.441,44486,score.py 1.3 (2026-10-04)
B/whisper-large-v3@dial.test.v1,dial.standard.v2,wer_region_S,45.423,44486,score.py 1.3 (2026-10-04)
B/whisper-large-v3@dial.test.v1,dial.standard.v2,wer_region_Z,73.192,44486,score.py 1.3 (2026-10-04)
B/whisper-large-v3@dial.test.v1,dial.standard.v2,either_err_tag_ending,69.929,44486,score.py 1.3 (2026-10-04)
B/whisper-large-v3@dial.test.v1,dial.standard.v2,either_err_tag_kept,81.818,44486,score.py 1.3 (2026-10-04)
B/whisper-large-v3@dial.test.v1,dial.standard.v2,either_err_tag_nasal,54.6,44486,score.py 1.3 (2026-10-04)
B/whisper-large-v3@dial.test.v1,dial.standard.v2,either_err_tag_pron,73.052,44486,score.py 1.3 (2026-10-04)
B/whisper-large-v3@dial.test.v1,dial.standard.v2,either_err_tag_same,47.926,44486,score.py 1.3 (2026-10-04)
B/whisper-large-v3@dial.test.v1,dial.standard.v2,missing_hyps,0,44486,score.py 1.3 (2026-10-04)
B/whisper-large-v3@dial.seen.v1,dial.standard.v2,wer_dialect,59.07,9123,score.py 1.3 (2026-10-04)
B/whisper-large-v3@dial.seen.v1,dial.standard.v2,wer_standard,53.176,9130,score.py 1.3 (2026-10-04)
B/whisper-large-v3@dial.seen.v1,dial.standard.v2,wer_either,51.77,9123,score.py 1.3 (2026-10-04)
B/whisper-large-v3@dial.seen.v1,dial.standard.v2,cer_dialect,25.56,9123,score.py 1.3 (2026-10-04)
B/whisper-large-v3@dial.seen.v1,dial.standard.v2,wer_mean_over_speakers,59.485,9123,score.py 1.3 (2026-10-04)
B/whisper-large-v3@dial.seen.v1,dial.standard.v2,wer_region_A,73.804,9123,score.py 1.3 (2026-10-04)
B/whisper-large-v3@dial.seen.v1,dial.standard.v2,wer_region_D,51.034,9123,score.py 1.3 (2026-10-04)
B/whisper-large-v3@dial.seen.v1,dial.standard.v2,wer_region_S,48.295,9123,score.py 1.3 (2026-10-04)
B/whisper-large-v3@dial.seen.v1,dial.standard.v2,wer_region_Z,63.12,9123,score.py 1.3 (2026-10-04)
B/whisper-large-v3@dial.seen.v1,dial.standard.v2,either_err_tag_ending,68.049,9123,score.py 1.3 (2026-10-04)
B/whisper-large-v3@dial.seen.v1,dial.standard.v2,either_err_tag_kept,92.308,9123,score.py 1.3 (2026-10-04)
B/whisper-large-v3@dial.seen.v1,dial.standard.v2,either_err_tag_nasal,41.825,9123,score.py 1.3 (2026-10-04)
B/whisper-large-v3@dial.seen.v1,dial.standard.v2,either_err_tag_pron,81.675,9123,score.py 1.3 (2026-10-04)
B/whisper-large-v3@dial.seen.v1,dial.standard.v2,either_err_tag_same,44.798,9123,score.py 1.3 (2026-10-04)
B/whisper-large-v3@dial.seen.v1,dial.standard.v2,missing_hyps,0,9123,score.py 1.3 (2026-10-04)
B/whisper-large-v3@phone.test.v1,phone.spoken.v1,wer_dialect,27.432,37299,score.py 1.3 (2026-10-04)
B/whisper-large-v3@phone.test.v1,phone.spoken.v1,wer_standard,27.432,37299,score.py 1.3 (2026-10-04)
B/whisper-large-v3@phone.test.v1,phone.spoken.v1,wer_either,27.432,37299,score.py 1.3 (2026-10-04)
B/whisper-large-v3@phone.test.v1,phone.spoken.v1,cer_dialect,10.35,37299,score.py 1.3 (2026-10-04)
B/whisper-large-v3@phone.test.v1,phone.spoken.v1,missing_hyps,0,37299,score.py 1.3 (2026-10-04)
B/whisper-large-v3@fleurs.lt.test.v1,fleurs.lt.test.v1,wer_dialect,23.168,17136,score.py 1.3 (2026-10-04)
B/whisper-large-v3@fleurs.lt.test.v1,fleurs.lt.test.v1,wer_standard,23.168,17136,score.py 1.3 (2026-10-04)
B/whisper-large-v3@fleurs.lt.test.v1,fleurs.lt.test.v1,wer_either,23.168,17136,score.py 1.3 (2026-10-04)
B/whisper-large-v3@fleurs.lt.test.v1,fleurs.lt.test.v1,cer_dialect,5.788,17136,score.py 1.3 (2026-10-04)
B/whisper-large-v3@fleurs.lt.test.v1,fleurs.lt.test.v1,missing_hyps,0,17136,score.py 1.3 (2026-10-04)
B/whisper-large-v3@cv.lt.test.v1,cv.lt.test.v1,wer_dialect,28.087,33104,score.py 1.3 (2026-10-04)
B/whisper-large-v3@cv.lt.test.v1,cv.lt.test.v1,wer_standard,28.087,33104,score.py 1.3 (2026-10-04)
B/whisper-large-v3@cv.lt.test.v1,cv.lt.test.v1,wer_either,28.087,33104,score.py 1.3 (2026-10-04)
B/whisper-large-v3@cv.lt.test.v1,cv.lt.test.v1,cer_dialect,6.232,33104,score.py 1.3 (2026-10-04)
B/whisper-large-v3@cv.lt.test.v1,cv.lt.test.v1,wer_mean_over_speakers,29.451,33104,score.py 1.3 (2026-10-04)
B/whisper-large-v3@cv.lt.test.v1,cv.lt.test.v1,missing_hyps,0,33104,score.py 1.3 (2026-10-04)
ltd26/S+D80-D.std/s1/a1@dial.test.v1,dial.standard.v2,wer_dialect,38.187,44486,score.py 1.3 (2026-10-04)
ltd26/S+D80-D.std/s1/a1@dial.test.v1,dial.standard.v2,wer_standard,28.098,44526,score.py 1.3 (2026-10-04)
ltd26/S+D80-D.std/s1/a1@dial.test.v1,dial.standard.v2,wer_either,27.094,44486,score.py 1.3 (2026-10-04)
ltd26/S+D80-D.std/s1/a1@dial.test.v1,dial.standard.v2,cer_dialect,11.487,44486,score.py 1.3 (2026-10-04)
ltd26/S+D80-D.std/s1/a1@dial.test.v1,dial.standard.v2,wer_mean_over_speakers,38.224,44486,score.py 1.3 (2026-10-04)
ltd26/S+D80-D.std/s1/a1@dial.test.v1,dial.standard.v2,wer_region_A,41.403,44486,score.py 1.3 (2026-10-04)
ltd26/S+D80-D.std/s1/a1@dial.test.v1,dial.standard.v2,wer_region_D,40.26,44486,score.py 1.3 (2026-10-04)
ltd26/S+D80-D.std/s1/a1@dial.test.v1,dial.standard.v2,wer_region_S,27.69,44486,score.py 1.3 (2026-10-04)
ltd26/S+D80-D.std/s1/a1@dial.test.v1,dial.standard.v2,wer_region_Z,42.284,44486,score.py 1.3 (2026-10-04)
ltd26/S+D80-D.std/s1/a1@dial.test.v1,dial.standard.v2,either_err_tag_ending,39.803,44486,score.py 1.3 (2026-10-04)
ltd26/S+D80-D.std/s1/a1@dial.test.v1,dial.standard.v2,either_err_tag_kept,74.949,44486,score.py 1.3 (2026-10-04)
ltd26/S+D80-D.std/s1/a1@dial.test.v1,dial.standard.v2,either_err_tag_nasal,33.3,44486,score.py 1.3 (2026-10-04)
ltd26/S+D80-D.std/s1/a1@dial.test.v1,dial.standard.v2,either_err_tag_pron,48.417,44486,score.py 1.3 (2026-10-04)
ltd26/S+D80-D.std/s1/a1@dial.test.v1,dial.standard.v2,either_err_tag_same,21.428,44486,score.py 1.3 (2026-10-04)
ltd26/S+D80-D.std/s1/a1@dial.test.v1,dial.standard.v2,missing_hyps,0,44486,score.py 1.3 (2026-10-04)
ltd26/S+D80-D.std/s1/a1@dial.seen.v1,dial.standard.v2,wer_dialect,41.138,9123,score.py 1.3 (2026-10-04)
ltd26/S+D80-D.std/s1/a1@dial.seen.v1,dial.standard.v2,wer_standard,28.872,9130,score.py 1.3 (2026-10-04)
ltd26/S+D80-D.std/s1/a1@dial.seen.v1,dial.standard.v2,wer_either,28.006,9123,score.py 1.3 (2026-10-04)
ltd26/S+D80-D.std/s1/a1@dial.seen.v1,dial.standard.v2,cer_dialect,12.937,9123,score.py 1.3 (2026-10-04)
ltd26/S+D80-D.std/s1/a1@dial.seen.v1,dial.standard.v2,wer_mean_over_speakers,41.678,9123,score.py 1.3 (2026-10-04)
ltd26/S+D80-D.std/s1/a1@dial.seen.v1,dial.standard.v2,wer_region_A,56.297,9123,score.py 1.3 (2026-10-04)
ltd26/S+D80-D.std/s1/a1@dial.seen.v1,dial.standard.v2,wer_region_D,31.197,9123,score.py 1.3 (2026-10-04)
ltd26/S+D80-D.std/s1/a1@dial.seen.v1,dial.standard.v2,wer_region_S,31.014,9123,score.py 1.3 (2026-10-04)
ltd26/S+D80-D.std/s1/a1@dial.seen.v1,dial.standard.v2,wer_region_Z,46.269,9123,score.py 1.3 (2026-10-04)
ltd26/S+D80-D.std/s1/a1@dial.seen.v1,dial.standard.v2,either_err_tag_ending,42.669,9123,score.py 1.3 (2026-10-04)
ltd26/S+D80-D.std/s1/a1@dial.seen.v1,dial.standard.v2,either_err_tag_kept,83.077,9123,score.py 1.3 (2026-10-04)
ltd26/S+D80-D.std/s1/a1@dial.seen.v1,dial.standard.v2,either_err_tag_nasal,33.84,9123,score.py 1.3 (2026-10-04)
ltd26/S+D80-D.std/s1/a1@dial.seen.v1,dial.standard.v2,either_err_tag_pron,50.052,9123,score.py 1.3 (2026-10-04)
ltd26/S+D80-D.std/s1/a1@dial.seen.v1,dial.standard.v2,either_err_tag_same,21.485,9123,score.py 1.3 (2026-10-04)
ltd26/S+D80-D.std/s1/a1@dial.seen.v1,dial.standard.v2,missing_hyps,0,9123,score.py 1.3 (2026-10-04)
ltd26/S+D80-D.std/s1/a1@phone.test.v1,phone.spoken.v1,wer_dialect,10.577,37299,score.py 1.3 (2026-10-04)
ltd26/S+D80-D.std/s1/a1@phone.test.v1,phone.spoken.v1,wer_standard,10.577,37299,score.py 1.3 (2026-10-04)
ltd26/S+D80-D.std/s1/a1@phone.test.v1,phone.spoken.v1,wer_either,10.577,37299,score.py 1.3 (2026-10-04)
ltd26/S+D80-D.std/s1/a1@phone.test.v1,phone.spoken.v1,cer_dialect,2.895,37299,score.py 1.3 (2026-10-04)
ltd26/S+D80-D.std/s1/a1@phone.test.v1,phone.spoken.v1,missing_hyps,0,37299,score.py 1.3 (2026-10-04)
ltd26/S+D80-D.std/s1/a1@fleurs.lt.test.v1,fleurs.lt.test.v1,wer_dialect,25.636,17136,score.py 1.3 (2026-10-04)
ltd26/S+D80-D.std/s1/a1@fleurs.lt.test.v1,fleurs.lt.test.v1,wer_standard,25.636,17136,score.py 1.3 (2026-10-04)
ltd26/S+D80-D.std/s1/a1@fleurs.lt.test.v1,fleurs.lt.test.v1,wer_either,25.636,17136,score.py 1.3 (2026-10-04)
ltd26/S+D80-D.std/s1/a1@fleurs.lt.test.v1,fleurs.lt.test.v1,cer_dialect,11.555,17136,score.py 1.3 (2026-10-04)
ltd26/S+D80-D.std/s1/a1@fleurs.lt.test.v1,fleurs.lt.test.v1,missing_hyps,0,17136,score.py 1.3 (2026-10-04)
ltd26/S+D80-D.std/s1/a1@cv.lt.test.v1,cv.lt.test.v1,wer_dialect,35.814,33104,score.py 1.3 (2026-10-04)
ltd26/S+D80-D.std/s1/a1@cv.lt.test.v1,cv.lt.test.v1,wer_standard,35.814,33104,score.py 1.3 (2026-10-04)
ltd26/S+D80-D.std/s1/a1@cv.lt.test.v1,cv.lt.test.v1,wer_either,35.814,33104,score.py 1.3 (2026-10-04)
ltd26/S+D80-D.std/s1/a1@cv.lt.test.v1,cv.lt.test.v1,cer_dialect,16.421,33104,score.py 1.3 (2026-10-04)
ltd26/S+D80-D.std/s1/a1@cv.lt.test.v1,cv.lt.test.v1,wer_mean_over_speakers,36.59,33104,score.py 1.3 (2026-10-04)
ltd26/S+D80-D.std/s1/a1@cv.lt.test.v1,cv.lt.test.v1,missing_hyps,0,33104,score.py 1.3 (2026-10-04)
ltd26/S+D80-Z.std/s1/a2@dial.test.v1,dial.standard.v2,wer_dialect,37.439,44486,score.py 1.3 (2026-10-04)
ltd26/S+D80-Z.std/s1/a2@dial.test.v1,dial.standard.v2,wer_standard,27.366,44526,score.py 1.3 (2026-10-04)
ltd26/S+D80-Z.std/s1/a2@dial.test.v1,dial.standard.v2,wer_either,26.199,44486,score.py 1.3 (2026-10-04)
ltd26/S+D80-Z.std/s1/a2@dial.test.v1,dial.standard.v2,cer_dialect,11.109,44486,score.py 1.3 (2026-10-04)
ltd26/S+D80-Z.std/s1/a2@dial.test.v1,dial.standard.v2,wer_mean_over_speakers,37.424,44486,score.py 1.3 (2026-10-04)
ltd26/S+D80-Z.std/s1/a2@dial.test.v1,dial.standard.v2,wer_region_A,40.129,44486,score.py 1.3 (2026-10-04)
ltd26/S+D80-Z.std/s1/a2@dial.test.v1,dial.standard.v2,wer_region_D,39.275,44486,score.py 1.3 (2026-10-04)
ltd26/S+D80-Z.std/s1/a2@dial.test.v1,dial.standard.v2,wer_region_S,26.966,44486,score.py 1.3 (2026-10-04)
ltd26/S+D80-Z.std/s1/a2@dial.test.v1,dial.standard.v2,wer_region_Z,42.267,44486,score.py 1.3 (2026-10-04)
ltd26/S+D80-Z.std/s1/a2@dial.test.v1,dial.standard.v2,either_err_tag_ending,38.953,44486,score.py 1.3 (2026-10-04)
ltd26/S+D80-Z.std/s1/a2@dial.test.v1,dial.standard.v2,either_err_tag_kept,74.04,44486,score.py 1.3 (2026-10-04)
ltd26/S+D80-Z.std/s1/a2@dial.test.v1,dial.standard.v2,either_err_tag_nasal,32.2,44486,score.py 1.3 (2026-10-04)
ltd26/S+D80-Z.std/s1/a2@dial.test.v1,dial.standard.v2,either_err_tag_pron,46.553,44486,score.py 1.3 (2026-10-04)
ltd26/S+D80-Z.std/s1/a2@dial.test.v1,dial.standard.v2,either_err_tag_same,20.66,44486,score.py 1.3 (2026-10-04)
ltd26/S+D80-Z.std/s1/a2@dial.test.v1,dial.standard.v2,missing_hyps,0,44486,score.py 1.3 (2026-10-04)
ltd26/S+D80-Z.std/s1/a2@dial.seen.v1,dial.standard.v2,wer_dialect,40.831,9123,score.py 1.3 (2026-10-04)
ltd26/S+D80-Z.std/s1/a2@dial.seen.v1,dial.standard.v2,wer_standard,29.233,9130,score.py 1.3 (2026-10-04)
ltd26/S+D80-Z.std/s1/a2@dial.seen.v1,dial.standard.v2,wer_either,28.138,9123,score.py 1.3 (2026-10-04)
ltd26/S+D80-Z.std/s1/a2@dial.seen.v1,dial.standard.v2,cer_dialect,12.576,9123,score.py 1.3 (2026-10-04)
ltd26/S+D80-Z.std/s1/a2@dial.seen.v1,dial.standard.v2,wer_mean_over_speakers,41.358,9123,score.py 1.3 (2026-10-04)
ltd26/S+D80-Z.std/s1/a2@dial.seen.v1,dial.standard.v2,wer_region_A,55.248,9123,score.py 1.3 (2026-10-04)
ltd26/S+D80-Z.std/s1/a2@dial.seen.v1,dial.standard.v2,wer_region_D,30.953,9123,score.py 1.3 (2026-10-04)
ltd26/S+D80-Z.std/s1/a2@dial.seen.v1,dial.standard.v2,wer_region_S,31.241,9123,score.py 1.3 (2026-10-04)
ltd26/S+D80-Z.std/s1/a2@dial.seen.v1,dial.standard.v2,wer_region_Z,46.172,9123,score.py 1.3 (2026-10-04)
ltd26/S+D80-Z.std/s1/a2@dial.seen.v1,dial.standard.v2,either_err_tag_ending,42.973,9123,score.py 1.3 (2026-10-04)
ltd26/S+D80-Z.std/s1/a2@dial.seen.v1,dial.standard.v2,either_err_tag_kept,84.615,9123,score.py 1.3 (2026-10-04)
ltd26/S+D80-Z.std/s1/a2@dial.seen.v1,dial.standard.v2,either_err_tag_nasal,32.7,9123,score.py 1.3 (2026-10-04)
ltd26/S+D80-Z.std/s1/a2@dial.seen.v1,dial.standard.v2,either_err_tag_pron,51.937,9123,score.py 1.3 (2026-10-04)
ltd26/S+D80-Z.std/s1/a2@dial.seen.v1,dial.standard.v2,either_err_tag_same,21.368,9123,score.py 1.3 (2026-10-04)
ltd26/S+D80-Z.std/s1/a2@dial.seen.v1,dial.standard.v2,missing_hyps,0,9123,score.py 1.3 (2026-10-04)
ltd26/S+D80-Z.std/s1/a2@phone.test.v1,phone.spoken.v1,wer_dialect,10.644,37299,score.py 1.3 (2026-10-04)
ltd26/S+D80-Z.std/s1/a2@phone.test.v1,phone.spoken.v1,wer_standard,10.644,37299,score.py 1.3 (2026-10-04)
ltd26/S+D80-Z.std/s1/a2@phone.test.v1,phone.spoken.v1,wer_either,10.644,37299,score.py 1.3 (2026-10-04)
ltd26/S+D80-Z.std/s1/a2@phone.test.v1,phone.spoken.v1,cer_dialect,2.933,37299,score.py 1.3 (2026-10-04)
ltd26/S+D80-Z.std/s1/a2@phone.test.v1,phone.spoken.v1,missing_hyps,0,37299,score.py 1.3 (2026-10-04)
ltd26/S+D80-Z.std/s1/a2@fleurs.lt.test.v1,fleurs.lt.test.v1,wer_dialect,24.428,17136,score.py 1.3 (2026-10-04)
ltd26/S+D80-Z.std/s1/a2@fleurs.lt.test.v1,fleurs.lt.test.v1,wer_standard,24.428,17136,score.py 1.3 (2026-10-04)
ltd26/S+D80-Z.std/s1/a2@fleurs.lt.test.v1,fleurs.lt.test.v1,wer_either,24.428,17136,score.py 1.3 (2026-10-04)
ltd26/S+D80-Z.std/s1/a2@fleurs.lt.test.v1,fleurs.lt.test.v1,cer_dialect,10.242,17136,score.py 1.3 (2026-10-04)
ltd26/S+D80-Z.std/s1/a2@fleurs.lt.test.v1,fleurs.lt.test.v1,missing_hyps,0,17136,score.py 1.3 (2026-10-04)
ltd26/S+D80-Z.std/s1/a2@cv.lt.test.v1,cv.lt.test.v1,wer_dialect,32.431,33104,score.py 1.3 (2026-10-04)
ltd26/S+D80-Z.std/s1/a2@cv.lt.test.v1,cv.lt.test.v1,wer_standard,32.431,33104,score.py 1.3 (2026-10-04)
ltd26/S+D80-Z.std/s1/a2@cv.lt.test.v1,cv.lt.test.v1,wer_either,32.431,33104,score.py 1.3 (2026-10-04)
ltd26/S+D80-Z.std/s1/a2@cv.lt.test.v1,cv.lt.test.v1,cer_dialect,12.187,33104,score.py 1.3 (2026-10-04)
ltd26/S+D80-Z.std/s1/a2@cv.lt.test.v1,cv.lt.test.v1,wer_mean_over_speakers,32.746,33104,score.py 1.3 (2026-10-04)
ltd26/S+D80-Z.std/s1/a2@cv.lt.test.v1,cv.lt.test.v1,missing_hyps,0,33104,score.py 1.3 (2026-10-04)
ltd26/S+X80/s2/a1@dial.test.v1,dial.standard.v2,wer_dialect,40.172,44486,score.py 1.3 (2026-10-04)
ltd26/S+X80/s2/a1@dial.test.v1,dial.standard.v2,wer_standard,34.331,44526,score.py 1.3 (2026-10-04)
ltd26/S+X80/s2/a1@dial.test.v1,dial.standard.v2,wer_either,32.619,44486,score.py 1.3 (2026-10-04)
ltd26/S+X80/s2/a1@dial.test.v1,dial.standard.v2,cer_dialect,12.295,44486,score.py 1.3 (2026-10-04)
ltd26/S+X80/s2/a1@dial.test.v1,dial.standard.v2,wer_mean_over_speakers,40.184,44486,score.py 1.3 (2026-10-04)
ltd26/S+X80/s2/a1@dial.test.v1,dial.standard.v2,wer_region_A,42.871,44486,score.py 1.3 (2026-10-04)
ltd26/S+X80/s2/a1@dial.test.v1,dial.standard.v2,wer_region_D,42.899,44486,score.py 1.3 (2026-10-04)
ltd26/S+X80/s2/a1@dial.test.v1,dial.standard.v2,wer_region_S,29.178,44486,score.py 1.3 (2026-10-04)
ltd26/S+X80/s2/a1@dial.test.v1,dial.standard.v2,wer_region_Z,44.564,44486,score.py 1.3 (2026-10-04)
ltd26/S+X80/s2/a1@dial.test.v1,dial.standard.v2,either_err_tag_ending,55.291,44486,score.py 1.3 (2026-10-04)
ltd26/S+X80/s2/a1@dial.test.v1,dial.standard.v2,either_err_tag_kept,74.141,44486,score.py 1.3 (2026-10-04)
ltd26/S+X80/s2/a1@dial.test.v1,dial.standard.v2,either_err_tag_nasal,35.1,44486,score.py 1.3 (2026-10-04)
ltd26/S+X80/s2/a1@dial.test.v1,dial.standard.v2,either_err_tag_pron,62.587,44486,score.py 1.3 (2026-10-04)
ltd26/S+X80/s2/a1@dial.test.v1,dial.standard.v2,either_err_tag_same,25.068,44486,score.py 1.3 (2026-10-04)
ltd26/S+X80/s2/a1@dial.test.v1,dial.standard.v2,missing_hyps,0,44486,score.py 1.3 (2026-10-04)
ltd26/S+X80/s2/a1@dial.seen.v1,dial.standard.v2,wer_dialect,43.22,9123,score.py 1.3 (2026-10-04)
ltd26/S+X80/s2/a1@dial.seen.v1,dial.standard.v2,wer_standard,34.973,9130,score.py 1.3 (2026-10-04)
ltd26/S+X80/s2/a1@dial.seen.v1,dial.standard.v2,wer_either,33.728,9123,score.py 1.3 (2026-10-04)
ltd26/S+X80/s2/a1@dial.seen.v1,dial.standard.v2,cer_dialect,13.995,9123,score.py 1.3 (2026-10-04)
ltd26/S+X80/s2/a1@dial.seen.v1,dial.standard.v2,wer_mean_over_speakers,43.939,9123,score.py 1.3 (2026-10-04)
ltd26/S+X80/s2/a1@dial.seen.v1,dial.standard.v2,wer_region_A,57.599,9123,score.py 1.3 (2026-10-04)
ltd26/S+X80/s2/a1@dial.seen.v1,dial.standard.v2,wer_region_D,33.387,9123,score.py 1.3 (2026-10-04)
ltd26/S+X80/s2/a1@dial.seen.v1,dial.standard.v2,wer_region_S,34.561,9123,score.py 1.3 (2026-10-04)
ltd26/S+X80/s2/a1@dial.seen.v1,dial.standard.v2,wer_region_Z,47.569,9123,score.py 1.3 (2026-10-04)
ltd26/S+X80/s2/a1@dial.seen.v1,dial.standard.v2,either_err_tag_ending,58.14,9123,score.py 1.3 (2026-10-04)
ltd26/S+X80/s2/a1@dial.seen.v1,dial.standard.v2,either_err_tag_kept,82.308,9123,score.py 1.3 (2026-10-04)
ltd26/S+X80/s2/a1@dial.seen.v1,dial.standard.v2,either_err_tag_nasal,30.038,9123,score.py 1.3 (2026-10-04)
ltd26/S+X80/s2/a1@dial.seen.v1,dial.standard.v2,either_err_tag_pron,66.178,9123,score.py 1.3 (2026-10-04)
ltd26/S+X80/s2/a1@dial.seen.v1,dial.standard.v2,either_err_tag_same,24.816,9123,score.py 1.3 (2026-10-04)
ltd26/S+X80/s2/a1@dial.seen.v1,dial.standard.v2,missing_hyps,0,9123,score.py 1.3 (2026-10-04)
ltd26/S+X80/s2/a1@phone.test.v1,phone.spoken.v1,wer_dialect,10.378,37299,score.py 1.3 (2026-10-04)
ltd26/S+X80/s2/a1@phone.test.v1,phone.spoken.v1,wer_standard,10.378,37299,score.py 1.3 (2026-10-04)
ltd26/S+X80/s2/a1@phone.test.v1,phone.spoken.v1,wer_either,10.378,37299,score.py 1.3 (2026-10-04)
ltd26/S+X80/s2/a1@phone.test.v1,phone.spoken.v1,cer_dialect,2.863,37299,score.py 1.3 (2026-10-04)
ltd26/S+X80/s2/a1@phone.test.v1,phone.spoken.v1,missing_hyps,0,37299,score.py 1.3 (2026-10-04)
ltd26/S+X80/s2/a1@fleurs.lt.test.v1,fleurs.lt.test.v1,wer_dialect,32.003,17136,score.py 1.3 (2026-10-04)
ltd26/S+X80/s2/a1@fleurs.lt.test.v1,fleurs.lt.test.v1,wer_standard,32.003,17136,score.py 1.3 (2026-10-04)
ltd26/S+X80/s2/a1@fleurs.lt.test.v1,fleurs.lt.test.v1,wer_either,32.003,17136,score.py 1.3 (2026-10-04)
ltd26/S+X80/s2/a1@fleurs.lt.test.v1,fleurs.lt.test.v1,cer_dialect,14.804,17136,score.py 1.3 (2026-10-04)
ltd26/S+X80/s2/a1@fleurs.lt.test.v1,fleurs.lt.test.v1,missing_hyps,0,17136,score.py 1.3 (2026-10-04)
ltd26/S+X80/s2/a1@cv.lt.test.v1,cv.lt.test.v1,wer_dialect,40.608,33104,score.py 1.3 (2026-10-04)
ltd26/S+X80/s2/a1@cv.lt.test.v1,cv.lt.test.v1,wer_standard,40.608,33104,score.py 1.3 (2026-10-04)
ltd26/S+X80/s2/a1@cv.lt.test.v1,cv.lt.test.v1,wer_either,40.608,33104,score.py 1.3 (2026-10-04)
ltd26/S+X80/s2/a1@cv.lt.test.v1,cv.lt.test.v1,cer_dialect,18.446,33104,score.py 1.3 (2026-10-04)
ltd26/S+X80/s2/a1@cv.lt.test.v1,cv.lt.test.v1,wer_mean_over_speakers,40.988,33104,score.py 1.3 (2026-10-04)
ltd26/S+X80/s2/a1@cv.lt.test.v1,cv.lt.test.v1,missing_hyps,0,33104,score.py 1.3 (2026-10-04)
ltd26/S+D80.std/s2/a1@dial.test.v1,dial.standard.v2,wer_dialect,37.443,44486,score.py 1.3 (2026-10-04)
ltd26/S+D80.std/s2/a1@dial.test.v1,dial.standard.v2,wer_standard,26.825,44526,score.py 1.3 (2026-10-04)
ltd26/S+D80.std/s2/a1@dial.test.v1,dial.standard.v2,wer_either,25.885,44486,score.py 1.3 (2026-10-04)
ltd26/S+D80.std/s2/a1@dial.test.v1,dial.standard.v2,cer_dialect,11.019,44486,score.py 1.3 (2026-10-04)
ltd26/S+D80.std/s2/a1@dial.test.v1,dial.standard.v2,wer_mean_over_speakers,37.471,44486,score.py 1.3 (2026-10-04)
ltd26/S+D80.std/s2/a1@dial.test.v1,dial.standard.v2,wer_region_A,40.854,44486,score.py 1.3 (2026-10-04)
ltd26/S+D80.std/s2/a1@dial.test.v1,dial.standard.v2,wer_region_D,39.223,44486,score.py 1.3 (2026-10-04)
ltd26/S+D80.std/s2/a1@dial.test.v1,dial.standard.v2,wer_region_S,27.034,44486,score.py 1.3 (2026-10-04)
ltd26/S+D80.std/s2/a1@dial.test.v1,dial.standard.v2,wer_region_Z,41.561,44486,score.py 1.3 (2026-10-04)
ltd26/S+D80.std/s2/a1@dial.test.v1,dial.standard.v2,either_err_tag_ending,37.829,44486,score.py 1.3 (2026-10-04)
ltd26/S+D80.std/s2/a1@dial.test.v1,dial.standard.v2,either_err_tag_kept,73.535,44486,score.py 1.3 (2026-10-04)
ltd26/S+D80.std/s2/a1@dial.test.v1,dial.standard.v2,either_err_tag_nasal,33.2,44486,score.py 1.3 (2026-10-04)
ltd26/S+D80.std/s2/a1@dial.test.v1,dial.standard.v2,either_err_tag_pron,45.969,44486,score.py 1.3 (2026-10-04)
ltd26/S+D80.std/s2/a1@dial.test.v1,dial.standard.v2,either_err_tag_same,20.433,44486,score.py 1.3 (2026-10-04)
ltd26/S+D80.std/s2/a1@dial.test.v1,dial.standard.v2,missing_hyps,0,44486,score.py 1.3 (2026-10-04)
ltd26/S+D80.std/s2/a1@dial.seen.v1,dial.standard.v2,wer_dialect,40.765,9123,score.py 1.3 (2026-10-04)
ltd26/S+D80.std/s2/a1@dial.seen.v1,dial.standard.v2,wer_standard,28.456,9130,score.py 1.3 (2026-10-04)
ltd26/S+D80.std/s2/a1@dial.seen.v1,dial.standard.v2,wer_either,27.491,9123,score.py 1.3 (2026-10-04)
ltd26/S+D80.std/s2/a1@dial.seen.v1,dial.standard.v2,cer_dialect,12.52,9123,score.py 1.3 (2026-10-04)
ltd26/S+D80.std/s2/a1@dial.seen.v1,dial.standard.v2,wer_mean_over_speakers,41.338,9123,score.py 1.3 (2026-10-04)
ltd26/S+D80.std/s2/a1@dial.seen.v1,dial.standard.v2,wer_region_A,55.038,9123,score.py 1.3 (2026-10-04)
ltd26/S+D80.std/s2/a1@dial.seen.v1,dial.standard.v2,wer_region_D,30.385,9123,score.py 1.3 (2026-10-04)
ltd26/S+D80.std/s2/a1@dial.seen.v1,dial.standard.v2,wer_region_S,31.742,9123,score.py 1.3 (2026-10-04)
ltd26/S+D80.std/s2/a1@dial.seen.v1,dial.standard.v2,wer_region_Z,46.269,9123,score.py 1.3 (2026-10-04)
ltd26/S+D80.std/s2/a1@dial.seen.v1,dial.standard.v2,either_err_tag_ending,40.243,9123,score.py 1.3 (2026-10-04)
ltd26/S+D80.std/s2/a1@dial.seen.v1,dial.standard.v2,either_err_tag_kept,85.385,9123,score.py 1.3 (2026-10-04)
ltd26/S+D80.std/s2/a1@dial.seen.v1,dial.standard.v2,either_err_tag_nasal,31.939,9123,score.py 1.3 (2026-10-04)
ltd26/S+D80.std/s2/a1@dial.seen.v1,dial.standard.v2,either_err_tag_pron,50.995,9123,score.py 1.3 (2026-10-04)
ltd26/S+D80.std/s2/a1@dial.seen.v1,dial.standard.v2,either_err_tag_same,21.043,9123,score.py 1.3 (2026-10-04)
ltd26/S+D80.std/s2/a1@dial.seen.v1,dial.standard.v2,missing_hyps,0,9123,score.py 1.3 (2026-10-04)
ltd26/S+D80.std/s2/a1@phone.test.v1,phone.spoken.v1,wer_dialect,10.475,37299,score.py 1.3 (2026-10-04)
ltd26/S+D80.std/s2/a1@phone.test.v1,phone.spoken.v1,wer_standard,10.475,37299,score.py 1.3 (2026-10-04)
ltd26/S+D80.std/s2/a1@phone.test.v1,phone.spoken.v1,wer_either,10.475,37299,score.py 1.3 (2026-10-04)
ltd26/S+D80.std/s2/a1@phone.test.v1,phone.spoken.v1,cer_dialect,2.869,37299,score.py 1.3 (2026-10-04)
ltd26/S+D80.std/s2/a1@phone.test.v1,phone.spoken.v1,missing_hyps,0,37299,score.py 1.3 (2026-10-04)
ltd26/S+D80.std/s2/a1@fleurs.lt.test.v1,fleurs.lt.test.v1,wer_dialect,21.51,17136,score.py 1.3 (2026-10-04)
ltd26/S+D80.std/s2/a1@fleurs.lt.test.v1,fleurs.lt.test.v1,wer_standard,21.51,17136,score.py 1.3 (2026-10-04)
ltd26/S+D80.std/s2/a1@fleurs.lt.test.v1,fleurs.lt.test.v1,wer_either,21.51,17136,score.py 1.3 (2026-10-04)
ltd26/S+D80.std/s2/a1@fleurs.lt.test.v1,fleurs.lt.test.v1,cer_dialect,8.689,17136,score.py 1.3 (2026-10-04)
ltd26/S+D80.std/s2/a1@fleurs.lt.test.v1,fleurs.lt.test.v1,missing_hyps,0,17136,score.py 1.3 (2026-10-04)
ltd26/S+D80.std/s2/a1@cv.lt.test.v1,cv.lt.test.v1,wer_dialect,23.849,33104,score.py 1.3 (2026-10-04)
ltd26/S+D80.std/s2/a1@cv.lt.test.v1,cv.lt.test.v1,wer_standard,23.849,33104,score.py 1.3 (2026-10-04)
ltd26/S+D80.std/s2/a1@cv.lt.test.v1,cv.lt.test.v1,wer_either,23.849,33104,score.py 1.3 (2026-10-04)
ltd26/S+D80.std/s2/a1@cv.lt.test.v1,cv.lt.test.v1,cer_dialect,6.326,33104,score.py 1.3 (2026-10-04)
ltd26/S+D80.std/s2/a1@cv.lt.test.v1,cv.lt.test.v1,wer_mean_over_speakers,24.073,33104,score.py 1.3 (2026-10-04)
ltd26/S+D80.std/s2/a1@cv.lt.test.v1,cv.lt.test.v1,missing_hyps,0,33104,score.py 1.3 (2026-10-04)
ltd26/S/s1/a2@calls.inhouse.v1,calls.written.v0,wer_dialect,42.614,,score.py 1.3 (2026-10-04)
ltd26/S/s1/a2@calls.inhouse.v1,calls.written.v0,wer_standard,42.614,,score.py 1.3 (2026-10-04)
ltd26/S/s1/a2@calls.inhouse.v1,calls.written.v0,wer_either,42.614,,score.py 1.3 (2026-10-04)
ltd26/S/s1/a2@calls.inhouse.v1,calls.written.v0,cer_dialect,22.223,,score.py 1.3 (2026-10-04)
ltd26/S/s1/a2@calls.inhouse.v1,calls.written.v0,wer_mean_over_speakers,48.311,,score.py 1.3 (2026-10-04)
ltd26/S/s1/a2@calls.inhouse.v1,calls.written.v0,missing_hyps,0,,score.py 1.3 (2026-10-04)
ltd26/S+D12.dial/s1/a1@calls.inhouse.v1,calls.written.v0,wer_dialect,41.48,,score.py 1.3 (2026-10-04)
ltd26/S+D12.dial/s1/a1@calls.inhouse.v1,calls.written.v0,wer_standard,41.48,,score.py 1.3 (2026-10-04)
ltd26/S+D12.dial/s1/a1@calls.inhouse.v1,calls.written.v0,wer_either,41.48,,score.py 1.3 (2026-10-04)
ltd26/S+D12.dial/s1/a1@calls.inhouse.v1,calls.written.v0,cer_dialect,20.894,,score.py 1.3 (2026-10-04)
ltd26/S+D12.dial/s1/a1@calls.inhouse.v1,calls.written.v0,wer_mean_over_speakers,47.254,,score.py 1.3 (2026-10-04)
ltd26/S+D12.dial/s1/a1@calls.inhouse.v1,calls.written.v0,missing_hyps,0,,score.py 1.3 (2026-10-04)
ltd26/S+D25.dial/s1/a1@calls.inhouse.v1,calls.written.v0,wer_dialect,40.295,,score.py 1.3 (2026-10-04)
ltd26/S+D25.dial/s1/a1@calls.inhouse.v1,calls.written.v0,wer_standard,40.295,,score.py 1.3 (2026-10-04)
ltd26/S+D25.dial/s1/a1@calls.inhouse.v1,calls.written.v0,wer_either,40.295,,score.py 1.3 (2026-10-04)
ltd26/S+D25.dial/s1/a1@calls.inhouse.v1,calls.written.v0,cer_dialect,19.776,,score.py 1.3 (2026-10-04)
ltd26/S+D25.dial/s1/a1@calls.inhouse.v1,calls.written.v0,wer_mean_over_speakers,49.767,,score.py 1.3 (2026-10-04)
ltd26/S+D25.dial/s1/a1@calls.inhouse.v1,calls.written.v0,missing_hyps,0,,score.py 1.3 (2026-10-04)
ltd26/S+D50.dial/s1/a1@calls.inhouse.v1,calls.written.v0,wer_dialect,37.909,,score.py 1.3 (2026-10-04)
ltd26/S+D50.dial/s1/a1@calls.inhouse.v1,calls.written.v0,wer_standard,37.909,,score.py 1.3 (2026-10-04)
ltd26/S+D50.dial/s1/a1@calls.inhouse.v1,calls.written.v0,wer_either,37.909,,score.py 1.3 (2026-10-04)
ltd26/S+D50.dial/s1/a1@calls.inhouse.v1,calls.written.v0,cer_dialect,18.12,,score.py 1.3 (2026-10-04)
ltd26/S+D50.dial/s1/a1@calls.inhouse.v1,calls.written.v0,wer_mean_over_speakers,43.813,,score.py 1.3 (2026-10-04)
ltd26/S+D50.dial/s1/a1@calls.inhouse.v1,calls.written.v0,missing_hyps,0,,score.py 1.3 (2026-10-04)
ltd26/S+D80.dial/s1/a3@calls.inhouse.v1,calls.written.v0,wer_dialect,37.008,,score.py 1.3 (2026-10-04)
ltd26/S+D80.dial/s1/a3@calls.inhouse.v1,calls.written.v0,wer_standard,37.008,,score.py 1.3 (2026-10-04)
ltd26/S+D80.dial/s1/a3@calls.inhouse.v1,calls.written.v0,wer_either,37.008,,score.py 1.3 (2026-10-04)
ltd26/S+D80.dial/s1/a3@calls.inhouse.v1,calls.written.v0,cer_dialect,17.442,,score.py 1.3 (2026-10-04)
ltd26/S+D80.dial/s1/a3@calls.inhouse.v1,calls.written.v0,wer_mean_over_speakers,41.796,,score.py 1.3 (2026-10-04)
ltd26/S+D80.dial/s1/a3@calls.inhouse.v1,calls.written.v0,missing_hyps,0,,score.py 1.3 (2026-10-04)
ltd26/S+X80/s1/a2@calls.inhouse.v1,calls.written.v0,wer_dialect,42.417,,score.py 1.3 (2026-10-04)
ltd26/S+X80/s1/a2@calls.inhouse.v1,calls.written.v0,wer_standard,42.417,,score.py 1.3 (2026-10-04)
ltd26/S+X80/s1/a2@calls.inhouse.v1,calls.written.v0,wer_either,42.417,,score.py 1.3 (2026-10-04)
ltd26/S+X80/s1/a2@calls.inhouse.v1,calls.written.v0,cer_dialect,23.177,,score.py 1.3 (2026-10-04)
ltd26/S+X80/s1/a2@calls.inhouse.v1,calls.written.v0,wer_mean_over_speakers,47.339,,score.py 1.3 (2026-10-04)
ltd26/S+X80/s1/a2@calls.inhouse.v1,calls.written.v0,missing_hyps,0,,score.py 1.3 (2026-10-04)
ltd26/S+D25.std/s1/a1@calls.inhouse.v1,calls.written.v0,wer_dialect,40.041,,score.py 1.3 (2026-10-04)
ltd26/S+D25.std/s1/a1@calls.inhouse.v1,calls.written.v0,wer_standard,40.041,,score.py 1.3 (2026-10-04)
ltd26/S+D25.std/s1/a1@calls.inhouse.v1,calls.written.v0,wer_either,40.041,,score.py 1.3 (2026-10-04)
ltd26/S+D25.std/s1/a1@calls.inhouse.v1,calls.written.v0,cer_dialect,20.05,,score.py 1.3 (2026-10-04)
ltd26/S+D25.std/s1/a1@calls.inhouse.v1,calls.written.v0,wer_mean_over_speakers,45.6,,score.py 1.3 (2026-10-04)
ltd26/S+D25.std/s1/a1@calls.inhouse.v1,calls.written.v0,missing_hyps,0,,score.py 1.3 (2026-10-04)
ltd26/S+D50.std/s1/a1@calls.inhouse.v1,calls.written.v0,wer_dialect,36.139,,score.py 1.3 (2026-10-04)
ltd26/S+D50.std/s1/a1@calls.inhouse.v1,calls.written.v0,wer_standard,36.139,,score.py 1.3 (2026-10-04)
ltd26/S+D50.std/s1/a1@calls.inhouse.v1,calls.written.v0,wer_either,36.139,,score.py 1.3 (2026-10-04)
ltd26/S+D50.std/s1/a1@calls.inhouse.v1,calls.written.v0,cer_dialect,17.175,,score.py 1.3 (2026-10-04)
ltd26/S+D50.std/s1/a1@calls.inhouse.v1,calls.written.v0,wer_mean_over_speakers,42.177,,score.py 1.3 (2026-10-04)
ltd26/S+D50.std/s1/a1@calls.inhouse.v1,calls.written.v0,missing_hyps,0,,score.py 1.3 (2026-10-04)
ltd26/S+D80.std/s1/a1@calls.inhouse.v1,calls.written.v0,wer_dialect,38.012,,score.py 1.3 (2026-10-04)
ltd26/S+D80.std/s1/a1@calls.inhouse.v1,calls.written.v0,wer_standard,38.012,,score.py 1.3 (2026-10-04)
ltd26/S+D80.std/s1/a1@calls.inhouse.v1,calls.written.v0,wer_either,38.012,,score.py 1.3 (2026-10-04)
ltd26/S+D80.std/s1/a1@calls.inhouse.v1,calls.written.v0,cer_dialect,18.034,,score.py 1.3 (2026-10-04)
ltd26/S+D80.std/s1/a1@calls.inhouse.v1,calls.written.v0,wer_mean_over_speakers,43.572,,score.py 1.3 (2026-10-04)
ltd26/S+D80.std/s1/a1@calls.inhouse.v1,calls.written.v0,missing_hyps,0,,score.py 1.3 (2026-10-04)
ltd26/D80.dial/s1/a2@calls.inhouse.v1,calls.written.v0,wer_dialect,51.361,,score.py 1.3 (2026-10-04)
ltd26/D80.dial/s1/a2@calls.inhouse.v1,calls.written.v0,wer_standard,51.361,,score.py 1.3 (2026-10-04)
ltd26/D80.dial/s1/a2@calls.inhouse.v1,calls.written.v0,wer_either,51.361,,score.py 1.3 (2026-10-04)
ltd26/D80.dial/s1/a2@calls.inhouse.v1,calls.written.v0,cer_dialect,21.112,,score.py 1.3 (2026-10-04)
ltd26/D80.dial/s1/a2@calls.inhouse.v1,calls.written.v0,wer_mean_over_speakers,56.222,,score.py 1.3 (2026-10-04)
ltd26/D80.dial/s1/a2@calls.inhouse.v1,calls.written.v0,missing_hyps,0,,score.py 1.3 (2026-10-04)
ltd26/D80.std/s1/a1@calls.inhouse.v1,calls.written.v0,wer_dialect,42.593,,score.py 1.3 (2026-10-04)
ltd26/D80.std/s1/a1@calls.inhouse.v1,calls.written.v0,wer_standard,42.593,,score.py 1.3 (2026-10-04)
ltd26/D80.std/s1/a1@calls.inhouse.v1,calls.written.v0,wer_either,42.593,,score.py 1.3 (2026-10-04)
ltd26/D80.std/s1/a1@calls.inhouse.v1,calls.written.v0,cer_dialect,18.801,,score.py 1.3 (2026-10-04)
ltd26/D80.std/s1/a1@calls.inhouse.v1,calls.written.v0,wer_mean_over_speakers,47.839,,score.py 1.3 (2026-10-04)
ltd26/D80.std/s1/a1@calls.inhouse.v1,calls.written.v0,missing_hyps,0,,score.py 1.3 (2026-10-04)
ltd26/S+D80-A.std/s1/a1@calls.inhouse.v1,calls.written.v0,wer_dialect,37.976,,score.py 1.3 (2026-10-04)
ltd26/S+D80-A.std/s1/a1@calls.inhouse.v1,calls.written.v0,wer_standard,37.976,,score.py 1.3 (2026-10-04)
ltd26/S+D80-A.std/s1/a1@calls.inhouse.v1,calls.written.v0,wer_either,37.976,,score.py 1.3 (2026-10-04)
ltd26/S+D80-A.std/s1/a1@calls.inhouse.v1,calls.written.v0,cer_dialect,18.35,,score.py 1.3 (2026-10-04)
ltd26/S+D80-A.std/s1/a1@calls.inhouse.v1,calls.written.v0,wer_mean_over_speakers,43.328,,score.py 1.3 (2026-10-04)
ltd26/S+D80-A.std/s1/a1@calls.inhouse.v1,calls.written.v0,missing_hyps,0,,score.py 1.3 (2026-10-04)
ltd26/S+D80-D.std/s1/a1@calls.inhouse.v1,calls.written.v0,wer_dialect,38.856,,score.py 1.3 (2026-10-04)
ltd26/S+D80-D.std/s1/a1@calls.inhouse.v1,calls.written.v0,wer_standard,38.856,,score.py 1.3 (2026-10-04)
ltd26/S+D80-D.std/s1/a1@calls.inhouse.v1,calls.written.v0,wer_either,38.856,,score.py 1.3 (2026-10-04)
ltd26/S+D80-D.std/s1/a1@calls.inhouse.v1,calls.written.v0,cer_dialect,19.599,,score.py 1.3 (2026-10-04)
ltd26/S+D80-D.std/s1/a1@calls.inhouse.v1,calls.written.v0,wer_mean_over_speakers,44.884,,score.py 1.3 (2026-10-04)
ltd26/S+D80-D.std/s1/a1@calls.inhouse.v1,calls.written.v0,missing_hyps,0,,score.py 1.3 (2026-10-04)
ltd26/S+D80-Z.std/s1/a2@calls.inhouse.v1,calls.written.v0,wer_dialect,41.718,,score.py 1.3 (2026-10-04)
ltd26/S+D80-Z.std/s1/a2@calls.inhouse.v1,calls.written.v0,wer_standard,41.718,,score.py 1.3 (2026-10-04)
ltd26/S+D80-Z.std/s1/a2@calls.inhouse.v1,calls.written.v0,wer_either,41.718,,score.py 1.3 (2026-10-04)
ltd26/S+D80-Z.std/s1/a2@calls.inhouse.v1,calls.written.v0,cer_dialect,21.719,,score.py 1.3 (2026-10-04)
ltd26/S+D80-Z.std/s1/a2@calls.inhouse.v1,calls.written.v0,wer_mean_over_speakers,46.847,,score.py 1.3 (2026-10-04)
ltd26/S+D80-Z.std/s1/a2@calls.inhouse.v1,calls.written.v0,missing_hyps,0,,score.py 1.3 (2026-10-04)
ltd26/S/s2/a1@calls.inhouse.v1,calls.written.v0,wer_dialect,47.169,,score.py 1.3 (2026-10-04)
ltd26/S/s2/a1@calls.inhouse.v1,calls.written.v0,wer_standard,47.169,,score.py 1.3 (2026-10-04)
ltd26/S/s2/a1@calls.inhouse.v1,calls.written.v0,wer_either,47.169,,score.py 1.3 (2026-10-04)
ltd26/S/s2/a1@calls.inhouse.v1,calls.written.v0,cer_dialect,28.173,,score.py 1.3 (2026-10-04)
ltd26/S/s2/a1@calls.inhouse.v1,calls.written.v0,wer_mean_over_speakers,52.679,,score.py 1.3 (2026-10-04)
ltd26/S/s2/a1@calls.inhouse.v1,calls.written.v0,missing_hyps,0,,score.py 1.3 (2026-10-04)
ltd26/S+D80.dial/s2/a1@calls.inhouse.v1,calls.written.v0,wer_dialect,41.858,,score.py 1.3 (2026-10-04)
ltd26/S+D80.dial/s2/a1@calls.inhouse.v1,calls.written.v0,wer_standard,41.858,,score.py 1.3 (2026-10-04)
ltd26/S+D80.dial/s2/a1@calls.inhouse.v1,calls.written.v0,wer_either,41.858,,score.py 1.3 (2026-10-04)
ltd26/S+D80.dial/s2/a1@calls.inhouse.v1,calls.written.v0,cer_dialect,21.604,,score.py 1.3 (2026-10-04)
ltd26/S+D80.dial/s2/a1@calls.inhouse.v1,calls.written.v0,wer_mean_over_speakers,47.236,,score.py 1.3 (2026-10-04)
ltd26/S+D80.dial/s2/a1@calls.inhouse.v1,calls.written.v0,missing_hyps,0,,score.py 1.3 (2026-10-04)
ltd26/S+X80/s2/a1@calls.inhouse.v1,calls.written.v0,wer_dialect,40.895,,score.py 1.3 (2026-10-04)
ltd26/S+X80/s2/a1@calls.inhouse.v1,calls.written.v0,wer_standard,40.895,,score.py 1.3 (2026-10-04)
ltd26/S+X80/s2/a1@calls.inhouse.v1,calls.written.v0,wer_either,40.895,,score.py 1.3 (2026-10-04)
ltd26/S+X80/s2/a1@calls.inhouse.v1,calls.written.v0,cer_dialect,21.16,,score.py 1.3 (2026-10-04)
ltd26/S+X80/s2/a1@calls.inhouse.v1,calls.written.v0,wer_mean_over_speakers,46.991,,score.py 1.3 (2026-10-04)
ltd26/S+X80/s2/a1@calls.inhouse.v1,calls.written.v0,missing_hyps,0,,score.py 1.3 (2026-10-04)
ltd26/S+D80.std/s2/a1@calls.inhouse.v1,calls.written.v0,wer_dialect,40.114,,score.py 1.3 (2026-10-04)
ltd26/S+D80.std/s2/a1@calls.inhouse.v1,calls.written.v0,wer_standard,40.114,,score.py 1.3 (2026-10-04)
ltd26/S+D80.std/s2/a1@calls.inhouse.v1,calls.written.v0,wer_either,40.114,,score.py 1.3 (2026-10-04)
ltd26/S+D80.std/s2/a1@calls.inhouse.v1,calls.written.v0,cer_dialect,19.6,,score.py 1.3 (2026-10-04)
ltd26/S+D80.std/s2/a1@calls.inhouse.v1,calls.written.v0,wer_mean_over_speakers,45.597,,score.py 1.3 (2026-10-04)
ltd26/S+D80.std/s2/a1@calls.inhouse.v1,calls.written.v0,missing_hyps,0,,score.py 1.3 (2026-10-04)
B/parakeet-tdt-0.6b-v3@calls.inhouse.v1,calls.written.v0,wer_dialect,59.513,,score.py 1.3 (2026-10-04)
B/parakeet-tdt-0.6b-v3@calls.inhouse.v1,calls.written.v0,wer_standard,59.513,,score.py 1.3 (2026-10-04)
B/parakeet-tdt-0.6b-v3@calls.inhouse.v1,calls.written.v0,wer_either,59.513,,score.py 1.3 (2026-10-04)
B/parakeet-tdt-0.6b-v3@calls.inhouse.v1,calls.written.v0,cer_dialect,34.249,,score.py 1.3 (2026-10-04)
B/parakeet-tdt-0.6b-v3@calls.inhouse.v1,calls.written.v0,wer_mean_over_speakers,62.65,,score.py 1.3 (2026-10-04)
B/parakeet-tdt-0.6b-v3@calls.inhouse.v1,calls.written.v0,missing_hyps,0,,score.py 1.3 (2026-10-04)
B/whisper-large-v3@calls.inhouse.v1,calls.written.v0,wer_dialect,54.669,,score.py 1.3 (2026-10-04)
B/whisper-large-v3@calls.inhouse.v1,calls.written.v0,wer_standard,54.669,,score.py 1.3 (2026-10-04)
B/whisper-large-v3@calls.inhouse.v1,calls.written.v0,wer_either,54.669,,score.py 1.3 (2026-10-04)
B/whisper-large-v3@calls.inhouse.v1,calls.written.v0,cer_dialect,30.5,,score.py 1.3 (2026-10-04)
B/whisper-large-v3@calls.inhouse.v1,calls.written.v0,wer_mean_over_speakers,67.996,,score.py 1.3 (2026-10-04)
B/whisper-large-v3@calls.inhouse.v1,calls.written.v0,missing_hyps,0,,score.py 1.3 (2026-10-04)
ltd26/S+D80-S.std/s1/a2@dial.test.v1,dial.standard.v2,wer_dialect,38.133,44486,score.py 1.3 (2026-10-04)
ltd26/S+D80-S.std/s1/a2@dial.test.v1,dial.standard.v2,wer_standard,27.582,44526,score.py 1.3 (2026-10-04)
ltd26/S+D80-S.std/s1/a2@dial.test.v1,dial.standard.v2,wer_either,26.674,44486,score.py 1.3 (2026-10-04)
ltd26/S+D80-S.std/s1/a2@dial.test.v1,dial.standard.v2,cer_dialect,11.422,44486,score.py 1.3 (2026-10-04)
ltd26/S+D80-S.std/s1/a2@dial.test.v1,dial.standard.v2,wer_mean_over_speakers,38.156,44486,score.py 1.3 (2026-10-04)
ltd26/S+D80-S.std/s1/a2@dial.test.v1,dial.standard.v2,wer_region_A,41.606,44486,score.py 1.3 (2026-10-04)
ltd26/S+D80-S.std/s1/a2@dial.test.v1,dial.standard.v2,wer_region_D,39.946,44486,score.py 1.3 (2026-10-04)
ltd26/S+D80-S.std/s1/a2@dial.test.v1,dial.standard.v2,wer_region_S,27.602,44486,score.py 1.3 (2026-10-04)
ltd26/S+D80-S.std/s1/a2@dial.test.v1,dial.standard.v2,wer_region_Z,42.267,44486,score.py 1.3 (2026-10-04)
ltd26/S+D80-S.std/s1/a2@dial.test.v1,dial.standard.v2,either_err_tag_ending,38.816,44486,score.py 1.3 (2026-10-04)
ltd26/S+D80-S.std/s1/a2@dial.test.v1,dial.standard.v2,either_err_tag_kept,74.646,44486,score.py 1.3 (2026-10-04)
ltd26/S+D80-S.std/s1/a2@dial.test.v1,dial.standard.v2,either_err_tag_nasal,35.1,44486,score.py 1.3 (2026-10-04)
ltd26/S+D80-S.std/s1/a2@dial.test.v1,dial.standard.v2,either_err_tag_pron,46.822,44486,score.py 1.3 (2026-10-04)
ltd26/S+D80-S.std/s1/a2@dial.test.v1,dial.standard.v2,either_err_tag_same,21.151,44486,score.py 1.3 (2026-10-04)
ltd26/S+D80-S.std/s1/a2@dial.test.v1,dial.standard.v2,missing_hyps,0,44486,score.py 1.3 (2026-10-04)
ltd26/S+D80-S.std/s1/a2@dial.seen.v1,dial.standard.v2,wer_dialect,41.324,9123,score.py 1.3 (2026-10-04)
ltd26/S+D80-S.std/s1/a2@dial.seen.v1,dial.standard.v2,wer_standard,29.113,9130,score.py 1.3 (2026-10-04)
ltd26/S+D80-S.std/s1/a2@dial.seen.v1,dial.standard.v2,wer_either,28.094,9123,score.py 1.3 (2026-10-04)
ltd26/S+D80-S.std/s1/a2@dial.seen.v1,dial.standard.v2,cer_dialect,12.894,9123,score.py 1.3 (2026-10-04)
ltd26/S+D80-S.std/s1/a2@dial.seen.v1,dial.standard.v2,wer_mean_over_speakers,41.905,9123,score.py 1.3 (2026-10-04)
ltd26/S+D80-S.std/s1/a2@dial.seen.v1,dial.standard.v2,wer_region_A,55.709,9123,score.py 1.3 (2026-10-04)
ltd26/S+D80-S.std/s1/a2@dial.seen.v1,dial.standard.v2,wer_region_D,30.751,9123,score.py 1.3 (2026-10-04)
ltd26/S+D80-S.std/s1/a2@dial.seen.v1,dial.standard.v2,wer_region_S,32.196,9123,score.py 1.3 (2026-10-04)
ltd26/S+D80-S.std/s1/a2@dial.seen.v1,dial.standard.v2,wer_region_Z,47.039,9123,score.py 1.3 (2026-10-04)
ltd26/S+D80-S.std/s1/a2@dial.seen.v1,dial.standard.v2,either_err_tag_ending,40.445,9123,score.py 1.3 (2026-10-04)
ltd26/S+D80-S.std/s1/a2@dial.seen.v1,dial.standard.v2,either_err_tag_kept,84.615,9123,score.py 1.3 (2026-10-04)
ltd26/S+D80-S.std/s1/a2@dial.seen.v1,dial.standard.v2,either_err_tag_nasal,33.46,9123,score.py 1.3 (2026-10-04)
ltd26/S+D80-S.std/s1/a2@dial.seen.v1,dial.standard.v2,either_err_tag_pron,50.157,9123,score.py 1.3 (2026-10-04)
ltd26/S+D80-S.std/s1/a2@dial.seen.v1,dial.standard.v2,either_err_tag_same,21.898,9123,score.py 1.3 (2026-10-04)
ltd26/S+D80-S.std/s1/a2@dial.seen.v1,dial.standard.v2,missing_hyps,0,9123,score.py 1.3 (2026-10-04)
ltd26/S+D80-S.std/s1/a2@phone.test.v1,phone.spoken.v1,wer_dialect,10.609,37299,score.py 1.3 (2026-10-04)
ltd26/S+D80-S.std/s1/a2@phone.test.v1,phone.spoken.v1,wer_standard,10.609,37299,score.py 1.3 (2026-10-04)
ltd26/S+D80-S.std/s1/a2@phone.test.v1,phone.spoken.v1,wer_either,10.609,37299,score.py 1.3 (2026-10-04)
ltd26/S+D80-S.std/s1/a2@phone.test.v1,phone.spoken.v1,cer_dialect,2.913,37299,score.py 1.3 (2026-10-04)
ltd26/S+D80-S.std/s1/a2@phone.test.v1,phone.spoken.v1,missing_hyps,0,37299,score.py 1.3 (2026-10-04)
ltd26/S+D80-S.std/s1/a2@fleurs.lt.test.v1,fleurs.lt.test.v1,wer_dialect,27.369,17136,score.py 1.3 (2026-10-04)
ltd26/S+D80-S.std/s1/a2@fleurs.lt.test.v1,fleurs.lt.test.v1,wer_standard,27.369,17136,score.py 1.3 (2026-10-04)
ltd26/S+D80-S.std/s1/a2@fleurs.lt.test.v1,fleurs.lt.test.v1,wer_either,27.369,17136,score.py 1.3 (2026-10-04)
ltd26/S+D80-S.std/s1/a2@fleurs.lt.test.v1,fleurs.lt.test.v1,cer_dialect,12.031,17136,score.py 1.3 (2026-10-04)
ltd26/S+D80-S.std/s1/a2@fleurs.lt.test.v1,fleurs.lt.test.v1,missing_hyps,0,17136,score.py 1.3 (2026-10-04)
ltd26/S+D80-S.std/s1/a2@cv.lt.test.v1,cv.lt.test.v1,wer_dialect,34.349,33104,score.py 1.3 (2026-10-04)
ltd26/S+D80-S.std/s1/a2@cv.lt.test.v1,cv.lt.test.v1,wer_standard,34.349,33104,score.py 1.3 (2026-10-04)
ltd26/S+D80-S.std/s1/a2@cv.lt.test.v1,cv.lt.test.v1,wer_either,34.349,33104,score.py 1.3 (2026-10-04)
ltd26/S+D80-S.std/s1/a2@cv.lt.test.v1,cv.lt.test.v1,cer_dialect,12.786,33104,score.py 1.3 (2026-10-04)
ltd26/S+D80-S.std/s1/a2@cv.lt.test.v1,cv.lt.test.v1,wer_mean_over_speakers,34.612,33104,score.py 1.3 (2026-10-04)
ltd26/S+D80-S.std/s1/a2@cv.lt.test.v1,cv.lt.test.v1,missing_hyps,0,33104,score.py 1.3 (2026-10-04)
ltd26/S+D80-S.std/s1/a2@calls.inhouse.v1,calls.written.v0,wer_dialect,40.197,,score.py 1.3 (2026-10-04)
ltd26/S+D80-S.std/s1/a2@calls.inhouse.v1,calls.written.v0,wer_standard,40.197,,score.py 1.3 (2026-10-04)
ltd26/S+D80-S.std/s1/a2@calls.inhouse.v1,calls.written.v0,wer_either,40.197,,score.py 1.3 (2026-10-04)
ltd26/S+D80-S.std/s1/a2@calls.inhouse.v1,calls.written.v0,cer_dialect,19.837,,score.py 1.3 (2026-10-04)
ltd26/S+D80-S.std/s1/a2@calls.inhouse.v1,calls.written.v0,wer_mean_over_speakers,45.502,,score.py 1.3 (2026-10-04)
ltd26/S+D80-S.std/s1/a2@calls.inhouse.v1,calls.written.v0,missing_hyps,0,,score.py 1.3 (2026-10-04)
